,datetime,Obs
0,1880-01,
1,1880-02,
2,1880-03,
3,1880-04,
4,1880-05,
5,1880-06,
6,1880-07,
7,1880-08,
8,1880-09,
9,1880-10,
10,1880-11,
11,1880-12,
12,1881-01,
13,1881-02,
14,1881-03,
15,1881-04,
16,1881-05,
17,1881-06,
18,1881-07,
19,1881-08,
20,1881-09,
21,1881-10,
22,1881-11,
23,1881-12,
24,1882-01,
25,1882-02,
26,1882-03,
27,1882-04,
28,1882-05,
29,1882-06,
30,1882-07,
31,1882-08,
32,1882-09,
33,1882-10,
34,1882-11,
35,1882-12,
36,1883-01,
37,1883-02,
38,1883-03,
39,1883-04,
40,1883-05,
41,1883-06,
42,1883-07,
43,1883-08,
44,1883-09,
45,1883-10,
46,1883-11,
47,1883-12,
48,1884-01,
49,1884-02,
50,1884-03,
51,1884-04,
52,1884-05,
53,1884-06,
54,1884-07,
55,1884-08,
56,1884-09,
57,1884-10,
58,1884-11,
59,1884-12,
60,1885-01,
61,1885-02,
62,1885-03,
63,1885-04,
64,1885-05,
65,1885-06,
66,1885-07,
67,1885-08,
68,1885-09,
69,1885-10,
70,1885-11,
71,1885-12,
72,1886-01,
73,1886-02,
74,1886-03,
75,1886-04,
76,1886-05,
77,1886-06,
78,1886-07,
79,1886-08,
80,1886-09,
81,1886-10,
82,1886-11,
83,1886-12,
84,1887-01,
85,1887-02,
86,1887-03,
87,1887-04,
88,1887-05,
89,1887-06,
90,1887-07,
91,1887-08,
92,1887-09,
93,1887-10,
94,1887-11,
95,1887-12,
96,1888-01,
97,1888-02,
98,1888-03,
99,1888-04,
100,1888-05,
101,1888-06,
102,1888-07,
103,1888-08,
104,1888-09,
105,1888-10,
106,1888-11,
107,1888-12,
108,1889-01,
109,1889-02,
110,1889-03,
111,1889-04,
112,1889-05,
113,1889-06,
114,1889-07,
115,1889-08,
116,1889-09,
117,1889-10,
118,1889-11,
119,1889-12,
120,1890-01,
121,1890-02,
122,1890-03,
123,1890-04,
124,1890-05,
125,1890-06,
126,1890-07,
127,1890-08,
128,1890-09,
129,1890-10,
130,1890-11,
131,1890-12,
132,1891-01,
133,1891-02,
134,1891-03,
135,1891-04,
136,1891-05,
137,1891-06,
138,1891-07,
139,1891-08,
140,1891-09,
141,1891-10,
142,1891-11,
143,1891-12,
144,1892-01,
145,1892-02,
146,1892-03,
147,1892-04,
148,1892-05,
149,1892-06,
150,1892-07,
151,1892-08,
152,1892-09,
153,1892-10,
154,1892-11,
155,1892-12,
156,1893-01,
157,1893-02,
158,1893-03,
159,1893-04,
160,1893-05,
161,1893-06,
162,1893-07,
163,1893-08,
164,1893-09,
165,1893-10,
166,1893-11,
167,1893-12,
168,1894-01,
169,1894-02,
170,1894-03,
171,1894-04,
172,1894-05,
173,1894-06,
174,1894-07,
175,1894-08,
176,1894-09,
177,1894-10,
178,1894-11,
179,1894-12,
180,1895-01,
181,1895-02,
182,1895-03,
183,1895-04,
184,1895-05,
185,1895-06,
186,1895-07,
187,1895-08,
188,1895-09,
189,1895-10,
190,1895-11,
191,1895-12,
192,1896-01,
193,1896-02,
194,1896-03,
195,1896-04,
196,1896-05,
197,1896-06,
198,1896-07,
199,1896-08,
200,1896-09,
201,1896-10,
202,1896-11,
203,1896-12,
204,1897-01,
205,1897-02,
206,1897-03,
207,1897-04,
208,1897-05,
209,1897-06,
210,1897-07,
211,1897-08,
212,1897-09,
213,1897-10,
214,1897-11,
215,1897-12,
216,1898-01,
217,1898-02,
218,1898-03,
219,1898-04,
220,1898-05,
221,1898-06,
222,1898-07,
223,1898-08,
224,1898-09,
225,1898-10,
226,1898-11,
227,1898-12,
228,1899-01,
229,1899-02,
230,1899-03,
231,1899-04,
232,1899-05,
233,1899-06,
234,1899-07,
235,1899-08,
236,1899-09,
237,1899-10,
238,1899-11,
239,1899-12,
240,1900-01,
241,1900-02,
242,1900-03,
243,1900-04,
244,1900-05,
245,1900-06,
246,1900-07,
247,1900-08,
248,1900-09,
249,1900-10,
250,1900-11,
251,1900-12,
252,1901-01,
253,1901-02,
254,1901-03,
255,1901-04,
256,1901-05,
257,1901-06,
258,1901-07,
259,1901-08,
260,1901-09,
261,1901-10,
262,1901-11,
263,1901-12,
264,1902-01,
265,1902-02,
266,1902-03,
267,1902-04,
268,1902-05,
269,1902-06,
270,1902-07,
271,1902-08,
272,1902-09,
273,1902-10,
274,1902-11,
275,1902-12,
276,1903-01,
277,1903-02,
278,1903-03,
279,1903-04,
280,1903-05,
281,1903-06,
282,1903-07,
283,1903-08,
284,1903-09,
285,1903-10,
286,1903-11,
287,1903-12,
288,1904-01,
289,1904-02,
290,1904-03,
291,1904-04,
292,1904-05,
293,1904-06,
294,1904-07,
295,1904-08,
296,1904-09,
297,1904-10,
298,1904-11,
299,1904-12,
300,1905-01,
301,1905-02,
302,1905-03,
303,1905-04,
304,1905-05,
305,1905-06,
306,1905-07,
307,1905-08,
308,1905-09,
309,1905-10,
310,1905-11,
311,1905-12,
312,1906-01,
313,1906-02,
314,1906-03,
315,1906-04,
316,1906-05,
317,1906-06,
318,1906-07,
319,1906-08,
320,1906-09,
321,1906-10,
322,1906-11,
323,1906-12,
324,1907-01,
325,1907-02,
326,1907-03,
327,1907-04,
328,1907-05,
329,1907-06,
330,1907-07,
331,1907-08,
332,1907-09,
333,1907-10,
334,1907-11,
335,1907-12,
336,1908-01,
337,1908-02,
338,1908-03,
339,1908-04,
340,1908-05,
341,1908-06,
342,1908-07,
343,1908-08,
344,1908-09,
345,1908-10,
346,1908-11,
347,1908-12,
348,1909-01,
349,1909-02,
350,1909-03,
351,1909-04,
352,1909-05,
353,1909-06,
354,1909-07,
355,1909-08,
356,1909-09,
357,1909-10,
358,1909-11,
359,1909-12,
360,1910-01,
361,1910-02,
362,1910-03,
363,1910-04,
364,1910-05,
365,1910-06,
366,1910-07,
367,1910-08,
368,1910-09,
369,1910-10,
370,1910-11,
371,1910-12,
372,1911-01,
373,1911-02,
374,1911-03,
375,1911-04,
376,1911-05,
377,1911-06,
378,1911-07,
379,1911-08,
380,1911-09,
381,1911-10,
382,1911-11,
383,1911-12,
384,1912-01,
385,1912-02,
386,1912-03,
387,1912-04,
388,1912-05,
389,1912-06,
390,1912-07,
391,1912-08,
392,1912-09,
393,1912-10,
394,1912-11,
395,1912-12,
396,1913-01,
397,1913-02,
398,1913-03,
399,1913-04,
400,1913-05,
401,1913-06,
402,1913-07,
403,1913-08,
404,1913-09,
405,1913-10,
406,1913-11,
407,1913-12,
408,1914-01,
409,1914-02,
410,1914-03,
411,1914-04,
412,1914-05,
413,1914-06,
414,1914-07,
415,1914-08,
416,1914-09,
417,1914-10,
418,1914-11,
419,1914-12,
420,1915-01,
421,1915-02,
422,1915-03,
423,1915-04,
424,1915-05,
425,1915-06,
426,1915-07,
427,1915-08,
428,1915-09,
429,1915-10,
430,1915-11,
431,1915-12,
432,1916-01,
433,1916-02,
434,1916-03,
435,1916-04,
436,1916-05,
437,1916-06,
438,1916-07,
439,1916-08,
440,1916-09,
441,1916-10,
442,1916-11,
443,1916-12,
444,1917-01,
445,1917-02,
446,1917-03,
447,1917-04,
448,1917-05,
449,1917-06,
450,1917-07,
451,1917-08,
452,1917-09,
453,1917-10,
454,1917-11,
455,1917-12,
456,1918-01,
457,1918-02,
458,1918-03,
459,1918-04,
460,1918-05,
461,1918-06,
462,1918-07,
463,1918-08,
464,1918-09,
465,1918-10,
466,1918-11,
467,1918-12,
468,1919-01,
469,1919-02,
470,1919-03,
471,1919-04,
472,1919-05,
473,1919-06,
474,1919-07,
475,1919-08,
476,1919-09,
477,1919-10,
478,1919-11,
479,1919-12,
480,1920-01,
481,1920-02,
482,1920-03,
483,1920-04,
484,1920-05,
485,1920-06,
486,1920-07,
487,1920-08,
488,1920-09,
489,1920-10,
490,1920-11,
491,1920-12,
492,1921-01,
493,1921-02,
494,1921-03,
495,1921-04,
496,1921-05,
497,1921-06,
498,1921-07,
499,1921-08,
500,1921-09,
501,1921-10,
502,1921-11,
503,1921-12,
504,1922-01,
505,1922-02,
506,1922-03,
507,1922-04,
508,1922-05,
509,1922-06,
510,1922-07,
511,1922-08,
512,1922-09,
513,1922-10,
514,1922-11,
515,1922-12,
516,1923-01,
517,1923-02,
518,1923-03,
519,1923-04,
520,1923-05,
521,1923-06,
522,1923-07,
523,1923-08,
524,1923-09,
525,1923-10,
526,1923-11,
527,1923-12,
528,1924-01,
529,1924-02,
530,1924-03,
531,1924-04,
532,1924-05,
533,1924-06,
534,1924-07,
535,1924-08,
536,1924-09,
537,1924-10,
538,1924-11,
539,1924-12,
540,1925-01,
541,1925-02,
542,1925-03,
543,1925-04,
544,1925-05,
545,1925-06,
546,1925-07,
547,1925-08,
548,1925-09,
549,1925-10,
550,1925-11,
551,1925-12,
552,1926-01,
553,1926-02,
554,1926-03,
555,1926-04,
556,1926-05,
557,1926-06,
558,1926-07,
559,1926-08,
560,1926-09,
561,1926-10,
562,1926-11,
563,1926-12,
564,1927-01,
565,1927-02,
566,1927-03,
567,1927-04,
568,1927-05,
569,1927-06,
570,1927-07,
571,1927-08,
572,1927-09,
573,1927-10,
574,1927-11,
575,1927-12,
576,1928-01,
577,1928-02,
578,1928-03,
579,1928-04,
580,1928-05,
581,1928-06,
582,1928-07,
583,1928-08,
584,1928-09,
585,1928-10,
586,1928-11,
587,1928-12,
588,1929-01,
589,1929-02,
590,1929-03,
591,1929-04,
592,1929-05,
593,1929-06,
594,1929-07,
595,1929-08,
596,1929-09,
597,1929-10,
598,1929-11,
599,1929-12,
600,1930-01,
601,1930-02,
602,1930-03,
603,1930-04,
604,1930-05,
605,1930-06,
606,1930-07,
607,1930-08,
608,1930-09,
609,1930-10,
610,1930-11,
611,1930-12,
612,1931-01,
613,1931-02,
614,1931-03,
615,1931-04,
616,1931-05,
617,1931-06,
618,1931-07,
619,1931-08,
620,1931-09,
621,1931-10,
622,1931-11,
623,1931-12,
624,1932-01,
625,1932-02,
626,1932-03,
627,1932-04,
628,1932-05,
629,1932-06,
630,1932-07,
631,1932-08,
632,1932-09,
633,1932-10,
634,1932-11,
635,1932-12,
636,1933-01,
637,1933-02,
638,1933-03,
639,1933-04,
640,1933-05,
641,1933-06,
642,1933-07,
643,1933-08,
644,1933-09,
645,1933-10,
646,1933-11,
647,1933-12,
648,1934-01,
649,1934-02,
650,1934-03,
651,1934-04,
652,1934-05,
653,1934-06,
654,1934-07,
655,1934-08,
656,1934-09,
657,1934-10,
658,1934-11,
659,1934-12,
660,1935-01,
661,1935-02,
662,1935-03,
663,1935-04,
664,1935-05,
665,1935-06,
666,1935-07,
667,1935-08,
668,1935-09,
669,1935-10,
670,1935-11,
671,1935-12,
672,1936-01,
673,1936-02,
674,1936-03,
675,1936-04,
676,1936-05,
677,1936-06,
678,1936-07,
679,1936-08,
680,1936-09,
681,1936-10,
682,1936-11,
683,1936-12,
684,1937-01,
685,1937-02,
686,1937-03,
687,1937-04,
688,1937-05,
689,1937-06,
690,1937-07,
691,1937-08,
692,1937-09,
693,1937-10,
694,1937-11,
695,1937-12,
696,1938-01,
697,1938-02,
698,1938-03,
699,1938-04,
700,1938-05,
701,1938-06,
702,1938-07,
703,1938-08,
704,1938-09,
705,1938-10,
706,1938-11,
707,1938-12,
708,1939-01,
709,1939-02,
710,1939-03,
711,1939-04,
712,1939-05,
713,1939-06,
714,1939-07,
715,1939-08,
716,1939-09,
717,1939-10,
718,1939-11,
719,1939-12,
720,1940-01,
721,1940-02,
722,1940-03,
723,1940-04,
724,1940-05,
725,1940-06,
726,1940-07,
727,1940-08,
728,1940-09,
729,1940-10,
730,1940-11,
731,1940-12,
732,1941-01,
733,1941-02,
734,1941-03,
735,1941-04,
736,1941-05,
737,1941-06,
738,1941-07,
739,1941-08,
740,1941-09,
741,1941-10,
742,1941-11,
743,1941-12,
744,1942-01,
745,1942-02,
746,1942-03,
747,1942-04,
748,1942-05,
749,1942-06,
750,1942-07,
751,1942-08,
752,1942-09,
753,1942-10,
754,1942-11,
755,1942-12,
756,1943-01,
757,1943-02,
758,1943-03,
759,1943-04,
760,1943-05,
761,1943-06,
762,1943-07,
763,1943-08,
764,1943-09,
765,1943-10,
766,1943-11,
767,1943-12,
768,1944-01,
769,1944-02,
770,1944-03,
771,1944-04,
772,1944-05,
773,1944-06,
774,1944-07,
775,1944-08,
776,1944-09,
777,1944-10,
778,1944-11,
779,1944-12,
780,1945-01,
781,1945-02,
782,1945-03,
783,1945-04,
784,1945-05,
785,1945-06,
786,1945-07,
787,1945-08,
788,1945-09,
789,1945-10,
790,1945-11,
791,1945-12,
792,1946-01,
793,1946-02,
794,1946-03,
795,1946-04,
796,1946-05,
797,1946-06,
798,1946-07,
799,1946-08,
800,1946-09,
801,1946-10,
802,1946-11,
803,1946-12,
804,1947-01,
805,1947-02,
806,1947-03,
807,1947-04,
808,1947-05,
809,1947-06,
810,1947-07,
811,1947-08,
812,1947-09,
813,1947-10,
814,1947-11,
815,1947-12,
816,1948-01,
817,1948-02,
818,1948-03,
819,1948-04,
820,1948-05,
821,1948-06,
822,1948-07,
823,1948-08,
824,1948-09,
825,1948-10,
826,1948-11,
827,1948-12,
828,1949-01,
829,1949-02,
830,1949-03,
831,1949-04,
832,1949-05,
833,1949-06,
834,1949-07,
835,1949-08,
836,1949-09,
837,1949-10,
838,1949-11,
839,1949-12,
840,1950-01,
841,1950-02,
842,1950-03,
843,1950-04,
844,1950-05,
845,1950-06,
846,1950-07,
847,1950-08,
848,1950-09,
849,1950-10,
850,1950-11,
851,1950-12,
852,1951-01,
853,1951-02,
854,1951-03,
855,1951-04,
856,1951-05,
857,1951-06,
858,1951-07,
859,1951-08,
860,1951-09,
861,1951-10,
862,1951-11,
863,1951-12,
864,1952-01,
865,1952-02,
866,1952-03,
867,1952-04,
868,1952-05,
869,1952-06,
870,1952-07,
871,1952-08,
872,1952-09,
873,1952-10,
874,1952-11,
875,1952-12,
876,1953-01,
877,1953-02,
878,1953-03,
879,1953-04,
880,1953-05,
881,1953-06,
882,1953-07,
883,1953-08,
884,1953-09,
885,1953-10,
886,1953-11,
887,1953-12,
888,1954-01,
889,1954-02,
890,1954-03,
891,1954-04,
892,1954-05,
893,1954-06,
894,1954-07,
895,1954-08,
896,1954-09,
897,1954-10,
898,1954-11,
899,1954-12,
900,1955-01,
901,1955-02,
902,1955-03,
903,1955-04,
904,1955-05,
905,1955-06,
906,1955-07,
907,1955-08,
908,1955-09,
909,1955-10,
910,1955-11,
911,1955-12,
912,1956-01,
913,1956-02,
914,1956-03,
915,1956-04,
916,1956-05,
917,1956-06,
918,1956-07,
919,1956-08,
920,1956-09,
921,1956-10,
922,1956-11,
923,1956-12,
924,1957-01,
925,1957-02,
926,1957-03,
927,1957-04,
928,1957-05,
929,1957-06,
930,1957-07,
931,1957-08,
932,1957-09,
933,1957-10,1.2749235352561392
934,1957-11,
935,1957-12,
936,1958-01,
937,1958-02,
938,1958-03,
939,1958-04,
940,1958-05,
941,1958-06,
942,1958-07,
943,1958-08,
944,1958-09,
945,1958-10,
946,1958-11,
947,1958-12,
948,1959-01,
949,1959-02,
950,1959-03,
951,1959-04,
952,1959-05,
953,1959-06,
954,1959-07,
955,1959-08,
956,1959-09,
957,1959-10,
958,1959-11,
959,1959-12,
960,1960-01,
961,1960-02,
962,1960-03,
963,1960-04,
964,1960-05,
965,1960-06,
966,1960-07,
967,1960-08,
968,1960-09,
969,1960-10,
970,1960-11,
971,1960-12,
972,1961-01,
973,1961-02,
974,1961-03,
975,1961-04,
976,1961-05,
977,1961-06,
978,1961-07,
979,1961-08,
980,1961-09,
981,1961-10,
982,1961-11,
983,1961-12,
984,1962-01,
985,1962-02,
986,1962-03,
987,1962-04,
988,1962-05,
989,1962-06,
990,1962-07,
991,1962-08,
992,1962-09,
993,1962-10,
994,1962-11,
995,1962-12,
996,1963-01,
997,1963-02,
998,1963-03,
999,1963-04,
1000,1963-05,
1001,1963-06,
1002,1963-07,
1003,1963-08,
1004,1963-09,
1005,1963-10,
1006,1963-11,
1007,1963-12,
1008,1964-01,
1009,1964-02,
1010,1964-03,
1011,1964-04,
1012,1964-05,
1013,1964-06,
1014,1964-07,
1015,1964-08,
1016,1964-09,
1017,1964-10,
1018,1964-11,
1019,1964-12,
1020,1965-01,
1021,1965-02,
1022,1965-03,
1023,1965-04,
1024,1965-05,
1025,1965-06,
1026,1965-07,
1027,1965-08,
1028,1965-09,
1029,1965-10,
1030,1965-11,
1031,1965-12,
1032,1966-01,
1033,1966-02,
1034,1966-03,
1035,1966-04,
1036,1966-05,
1037,1966-06,
1038,1966-07,
1039,1966-08,
1040,1966-09,
1041,1966-10,
1042,1966-11,
1043,1966-12,
1044,1967-01,
1045,1967-02,
1046,1967-03,
1047,1967-04,
1048,1967-05,
1049,1967-06,
1050,1967-07,
1051,1967-08,
1052,1967-09,
1053,1967-10,
1054,1967-11,
1055,1967-12,
1056,1968-01,
1057,1968-02,
1058,1968-03,
1059,1968-04,
1060,1968-05,
1061,1968-06,
1062,1968-07,
1063,1968-08,
1064,1968-09,
1065,1968-10,
1066,1968-11,
1067,1968-12,
1068,1969-01,
1069,1969-02,
1070,1969-03,
1071,1969-04,
1072,1969-05,
1073,1969-06,
1074,1969-07,
1075,1969-08,
1076,1969-09,
1077,1969-10,
1078,1969-11,
1079,1969-12,
1080,1970-01,
1081,1970-02,
1082,1970-03,
1083,1970-04,
1084,1970-05,
1085,1970-06,
1086,1970-07,
1087,1970-08,
1088,1970-09,
1089,1970-10,
1090,1970-11,
1091,1970-12,
1092,1971-01,
1093,1971-02,
1094,1971-03,
1095,1971-04,
1096,1971-05,
1097,1971-06,
1098,1971-07,
1099,1971-08,
1100,1971-09,
1101,1971-10,
1102,1971-11,
1103,1971-12,
1104,1972-01,
1105,1972-02,
1106,1972-03,
1107,1972-04,
1108,1972-05,
1109,1972-06,
1110,1972-07,
1111,1972-08,
1112,1972-09,
1113,1972-10,
1114,1972-11,
1115,1972-12,
1116,1973-01,
1117,1973-02,
1118,1973-03,
1119,1973-04,
1120,1973-05,
1121,1973-06,
1122,1973-07,
1123,1973-08,
1124,1973-09,
1125,1973-10,
1126,1973-11,
1127,1973-12,
1128,1974-01,
1129,1974-02,
1130,1974-03,
1131,1974-04,
1132,1974-05,
1133,1974-06,
1134,1974-07,
1135,1974-08,
1136,1974-09,
1137,1974-10,
1138,1974-11,
1139,1974-12,
1140,1975-01,
1141,1975-02,
1142,1975-03,
1143,1975-04,
1144,1975-05,
1145,1975-06,
1146,1975-07,
1147,1975-08,
1148,1975-09,
1149,1975-10,
1150,1975-11,
1151,1975-12,
1152,1976-01,
1153,1976-02,
1154,1976-03,
1155,1976-04,
1156,1976-05,
1157,1976-06,
1158,1976-07,
1159,1976-08,
1160,1976-09,
1161,1976-10,
1162,1976-11,
1163,1976-12,
1164,1977-01,
1165,1977-02,
1166,1977-03,
1167,1977-04,
1168,1977-05,
1169,1977-06,
1170,1977-07,
1171,1977-08,
1172,1977-09,
1173,1977-10,
1174,1977-11,
1175,1977-12,
1176,1978-01,
1177,1978-02,
1178,1978-03,
1179,1978-04,
1180,1978-05,
1181,1978-06,
1182,1978-07,
1183,1978-08,
1184,1978-09,
1185,1978-10,
1186,1978-11,
1187,1978-12,
1188,1979-01,
1189,1979-02,
1190,1979-03,
1191,1979-04,
1192,1979-05,
1193,1979-06,
1194,1979-07,
1195,1979-08,
1196,1979-09,
1197,1979-10,
1198,1979-11,
1199,1979-12,
1200,1980-01,
1201,1980-02,
1202,1980-03,
1203,1980-04,
1204,1980-05,
1205,1980-06,
1206,1980-07,
1207,1980-08,
1208,1980-09,
1209,1980-10,
1210,1980-11,
1211,1980-12,
1212,1981-01,
1213,1981-02,
1214,1981-03,
1215,1981-04,
1216,1981-05,
1217,1981-06,
1218,1981-07,
1219,1981-08,-1.2380204670089228
1220,1981-09,-0.28018681568637405
1221,1981-10,
1222,1981-11,
1223,1981-12,
1224,1982-01,
1225,1982-02,
1226,1982-03,
1227,1982-04,
1228,1982-05,
1229,1982-06,
1230,1982-07,
1231,1982-08,
1232,1982-09,
1233,1982-10,
1234,1982-11,
1235,1982-12,
1236,1983-01,
1237,1983-02,
1238,1983-03,
1239,1983-04,
1240,1983-05,
1241,1983-06,
1242,1983-07,
1243,1983-08,
1244,1983-09,
1245,1983-10,
1246,1983-11,
1247,1983-12,
1248,1984-01,
1249,1984-02,
1250,1984-03,
1251,1984-04,
1252,1984-05,
1253,1984-06,
1254,1984-07,
1255,1984-08,
1256,1984-09,
1257,1984-10,
1258,1984-11,
1259,1984-12,
1260,1985-01,
1261,1985-02,
1262,1985-03,
1263,1985-04,
1264,1985-05,
1265,1985-06,
1266,1985-07,
1267,1985-08,
1268,1985-09,
1269,1985-10,
1270,1985-11,
1271,1985-12,
1272,1986-01,
1273,1986-02,
1274,1986-03,
1275,1986-04,
1276,1986-05,
1277,1986-06,
1278,1986-07,
1279,1986-08,
1280,1986-09,
1281,1986-10,
1282,1986-11,
1283,1986-12,
1284,1987-01,
1285,1987-02,
1286,1987-03,
1287,1987-04,
1288,1987-05,
1289,1987-06,
1290,1987-07,
1291,1987-08,
1292,1987-09,
1293,1987-10,
1294,1987-11,
1295,1987-12,
1296,1988-01,
1297,1988-02,
1298,1988-03,
1299,1988-04,
1300,1988-05,
1301,1988-06,
1302,1988-07,
1303,1988-08,
1304,1988-09,
1305,1988-10,
1306,1988-11,
1307,1988-12,
1308,1989-01,
1309,1989-02,
1310,1989-03,
1311,1989-04,
1312,1989-05,
1313,1989-06,
1314,1989-07,
1315,1989-08,
1316,1989-09,
1317,1989-10,
1318,1989-11,
1319,1989-12,
1320,1990-01,
1321,1990-02,
1322,1990-03,
1323,1990-04,
1324,1990-05,
1325,1990-06,
1326,1990-07,
1327,1990-08,
1328,1990-09,
1329,1990-10,
1330,1990-11,
1331,1990-12,
1332,1991-01,
1333,1991-02,
1334,1991-03,
1335,1991-04,
1336,1991-05,
1337,1991-06,
1338,1991-07,
1339,1991-08,
1340,1991-09,
1341,1991-10,
1342,1991-11,
1343,1991-12,
1344,1992-01,
1345,1992-02,
1346,1992-03,
1347,1992-04,
1348,1992-05,
1349,1992-06,
1350,1992-07,-0.1682672166493333
1351,1992-08,-0.038020467008923475
1352,1992-09,
1353,1992-10,
1354,1992-11,
1355,1992-12,
1356,1993-01,
1357,1993-02,
1358,1993-03,
1359,1993-04,
1360,1993-05,
1361,1993-06,
1362,1993-07,
1363,1993-08,
1364,1993-09,
1365,1993-10,
1366,1993-11,
1367,1993-12,
1368,1994-01,
1369,1994-02,
1370,1994-03,
1371,1994-04,
1372,1994-05,
1373,1994-06,
1374,1994-07,
1375,1994-08,
1376,1994-09,
1377,1994-10,
1378,1994-11,
1379,1994-12,
1380,1995-01,
1381,1995-02,
1382,1995-03,
1383,1995-04,
1384,1995-05,
1385,1995-06,
1386,1995-07,
1387,1995-08,
1388,1995-09,
1389,1995-10,
1390,1995-11,
1391,1995-12,
1392,1996-01,
1393,1996-02,
1394,1996-03,
1395,1996-04,
1396,1996-05,
1397,1996-06,
1398,1996-07,
1399,1996-08,
1400,1996-09,
1401,1996-10,
1402,1996-11,
1403,1996-12,
1404,1997-01,
1405,1997-02,
1406,1997-03,
1407,1997-04,
1408,1997-05,
1409,1997-06,
1410,1997-07,
1411,1997-08,
1412,1997-09,
1413,1997-10,
1414,1997-11,
1415,1997-12,
1416,1998-01,
1417,1998-02,2.4761384210646877
1418,1998-03,
1419,1998-04,
1420,1998-05,
1421,1998-06,
1422,1998-07,
1423,1998-08,
1424,1998-09,
1425,1998-10,
1426,1998-11,
1427,1998-12,
1428,1999-01,
1429,1999-02,
1430,1999-03,
1431,1999-04,
1432,1999-05,
1433,1999-06,
1434,1999-07,
1435,1999-08,
1436,1999-09,
1437,1999-10,
1438,1999-11,
1439,1999-12,
1440,2000-01,
1441,2000-02,
1442,2000-03,
1443,2000-04,
1444,2000-05,
1445,2000-06,
1446,2000-07,
1447,2000-08,
1448,2000-09,
1449,2000-10,
1450,2000-11,
1451,2000-12,
1452,2001-01,
1453,2001-02,
1454,2001-03,
1455,2001-04,
1456,2001-05,
1457,2001-06,
1458,2001-07,
1459,2001-08,
1460,2001-09,
1461,2001-10,
1462,2001-11,
1463,2001-12,
1464,2002-01,
1465,2002-02,
1466,2002-03,
1467,2002-04,
1468,2002-05,
1469,2002-06,
1470,2002-07,
1471,2002-08,
1472,2002-09,
1473,2002-10,
1474,2002-11,
1475,2002-12,
1476,2003-01,
1477,2003-02,
1478,2003-03,
1479,2003-04,
1480,2003-05,
1481,2003-06,
1482,2003-07,
1483,2003-08,
1484,2003-09,
1485,2003-10,
1486,2003-11,
1487,2003-12,
1488,2004-01,
1489,2004-02,
1490,2004-03,
1491,2004-04,2.670428597557864
1492,2004-05,0.12906410640848875
1493,2004-06,-3.270629919521019
1494,2004-07,3.3501719564032797
1495,2004-08,5.156898928275584
1496,2004-09,8.644107814827514
1497,2004-10,0.6736279854858829
1498,2004-11,-1.6885182114795327
1499,2004-12,-1.417731993695572
1500,2005-01,1.0221913650343346
1501,2005-02,-4.800347417002634
1502,2005-03,-2.306340404317771
1503,2005-04,1.0091813915119054
1504,2005-05,2.215621756229311
1505,2005-06,5.594797337278269
1506,2005-07,3.3224925063894055
1507,2005-08,4.274863814687045
1508,2005-09,2.630436408973953
1509,2005-10,1.5305765215530336
1510,2005-11,6.7946245721109335
1511,2005-12,5.0380477565272095
1512,2006-01,5.330889633809253
1513,2006-02,2.64055239257978
1514,2006-03,-3.236580542033872
1515,2006-04,2.244343460850315
1516,2006-05,0.3654773335456021
1517,2006-06,3.069137796221753
1518,2006-07,4.438223556077251
1519,2006-08,0.5383377536262834
1520,2006-09,1.59127807738761
1521,2006-10,1.1085338263711115
1522,2006-11,2.066128215063646
1523,2006-12,4.137959738939376
1524,2007-01,5.5570407204834105
1525,2007-02,-0.32052238973600744
1526,2007-03,4.8815013883274645
1527,2007-04,-3.445105653614826
1528,2007-05,1.5697882506791458
1529,2007-06,0.7297968110537383
1530,2007-07,1.1371073416388562
1531,2007-08,-0.5131024695889614
1532,2007-09,-1.5326615809997683
1533,2007-10,2.0155532695607015
1534,2007-11,0.34633234765911425
1535,2007-12,3.0312761133716712
1536,2008-01,4.63233705875443
1537,2008-02,2.4767808453595084
1538,2008-03,2.935902596925146
1539,2008-04,0.179367520874127
1540,2008-05,-1.7289236041599754
1541,2008-06,0.4905148142415001
1542,2008-07,-0.40109613842768965
1543,2008-08,-2.6476363658661874
1544,2008-09,-2.960425797555514
1545,2008-10,2.4217022630624037
1546,2008-11,-0.37128879362493805
1547,2008-12,4.436815864981888
1548,2009-01,0.8557315735373727
1549,2009-02,0.12063654779255018
1550,2009-03,1.0745600451960655
1551,2009-04,0.5379554986694917
1552,2009-05,0.5702335236630702
1553,2009-06,-3.356404490014892
1554,2009-07,-1.4656773334274398
1555,2009-08,-1.0218943854232023
1556,2009-09,-6.205817724287806
1557,2009-10,-4.911843182175547
1558,2009-11,-6.0481736157674515
1559,2009-12,-8.643793775833315
1560,2010-01,-8.80113337069395
1561,2010-02,-7.71292036356431
1562,2010-03,-4.925978057424139
1563,2010-04,-1.5380314133196844
1564,2010-05,0.9232603655847491
1565,2010-06,2.62182424009627
1566,2010-07,0.501961604573939
1567,2010-08,0.7564962823544406
1568,2010-09,3.8478007946463713
1569,2010-10,1.5332829768395762
1570,2010-11,-3.2300583291405474
1571,2010-12,-9.613251921957348
1572,2011-01,-2.3676253020790394
1573,2011-02,-0.7067551345138536
1574,2011-03,2.1647696551497084
1575,2011-04,4.1031507628232635
1576,2011-05,-0.7726080652654428
1577,2011-06,-2.1763136069828306
1578,2011-07,-1.498578439713956
1579,2011-08,-0.8991249026527335
1580,2011-09,1.1624660706137995
1581,2011-10,0.7263431805662073
1582,2011-11,-2.1308155723207562
1583,2011-12,2.3681269410352783
1584,2012-01,-1.7311084447885232
1585,2012-02,-0.2136997541860719
1586,2012-03,3.56130732827123
1587,2012-04,-0.9187187195360718
1588,2012-05,-3.7589847453472363
1589,2012-06,-7.2567041624080115
1590,2012-07,-1.0029643117119562
1591,2012-08,-2.068264126437324
1592,2012-09,-2.4671678973376334
1593,2012-10,-2.3842845973832993
1594,2012-11,-3.5351142369953923
1595,2012-12,-0.27963138006816735
1596,2013-01,-3.622449407401298
1597,2013-02,-0.4529973908877931
1598,2013-03,-8.311301949062118
1599,2013-04,-0.4052267875919586
1600,2013-05,1.2824904168617302
1601,2013-06,3.3137971148462526
1602,2013-07,-2.4327167970119525
1603,2013-08,0.8745638895326842
1604,2013-09,-0.583195877102682
1605,2013-10,-1.738276706891714
1606,2013-11,2.6034761380122404
1607,2013-12,0.09286556404288149
1608,2014-01,-1.390720304071987
1609,2014-02,0.3028954417230345
1610,2014-03,-0.14185791746468013
1611,2014-04,-1.1860556764364123
1612,2014-05,-2.208653468200838
1613,2014-06,0.8105918796728524
1614,2014-07,-1.3713807091004746
1615,2014-08,-3.6131078083137425
1616,2014-09,-1.7617963214724757
1617,2014-10,-0.5317728847983965
1618,2014-11,0.32202073228821604
1619,2014-12,-2.2131832473539035
1620,2015-01,-0.9402336447461312
1621,2015-02,-1.5765600620786238
1622,2015-03,6.565636493567467
1623,2015-04,1.555606194614052
1624,2015-05,-1.7436958960099869
1625,2015-06,1.3185282241789054
1626,2015-07,-3.0881241011919283
1627,2015-08,-0.4778231344902899
1628,2015-09,-2.1766815739014778
1629,2015-10,-1.0922600132284899
1630,2015-11,3.5604453904070112
1631,2015-12,0.6999974255227635
1632,2016-01,-4.107367770720932
1633,2016-02,1.9060881218880414
1634,2016-03,0.3819952028113338
1635,2016-04,-1.9591862743142432
1636,2016-05,-0.96698732424586
1637,2016-06,-2.2370482316035147
1638,2016-07,-1.0004512737201061
1639,2016-08,1.5438060314532187
1640,2016-09,2.5866564875769917
1641,2016-10,-0.25746201778703437
1642,2016-11,0.9119862447473892
1643,2016-12,0.22859069000288557
1644,2017-01,-1.2907607520873459
1645,2017-02,0.891239276198247
1646,2017-03,3.8263405018256265
1647,2017-04,-3.459835648819954
1648,2017-05,-0.24978052843963283
1649,2017-06,-0.029135012550671746
1650,2017-07,-0.3446041179982444
1651,2017-08,-1.086503817574659
1652,2017-09,-2.494812065682451
1653,2017-10,-0.3686441564305305
1654,2017-11,0.3989551190400107
1655,2017-12,2.133912224484355
1656,2018-01,6.8532086449704295
1657,2018-02,4.969471465363446
1658,2018-03,-6.469954341771447
1659,2018-04,0.6121267467321339
1660,2018-05,4.373697878696909
1661,2018-06,0.3772472054913294
1662,2018-07,0.02390347387033387
1663,2018-08,0.4585312444357825
1664,2018-09,
1665,2018-10,
1666,2018-11,
1667,2018-12,
1668,2019-01,
1669,2019-02,
1670,2019-03,
1671,2019-04,
1672,2019-05,
1673,2019-06,
1674,2019-07,
1675,2019-08,
1676,2019-09,
1677,2019-10,
1678,2019-11,
1679,2019-12,
