,Time_Obs,Obs
0,1880-Jan,0.7335516214285716
1,1880-Feb,1.2091791000000003
2,1880-Mar,0.703665985714286
3,1880-Apr,0.9803984
4,1880-May,0.5843252071428573
5,1880-Jun,1.3369357142857141
6,1880-Jul,1.6718006642857142
7,1880-Aug,1.5869046500000001
8,1880-Sep,1.1110451642857142
9,1880-Oct,1.3159406999999999
10,1880-Nov,1.41327765
11,1880-Dec,0.24328230714285737
12,1881-Jan,1.1051916214285715
13,1881-Feb,1.2560881000000004
14,1881-Mar,1.265421985714286
15,1881-Apr,0.7134574
16,1881-May,0.26975420714285725
17,1881-Jun,0.45449871428571426
18,1881-Jul,-0.45167833571428595
19,1881-Aug,-0.6116213499999996
20,1881-Sep,0.15643416428571433
21,1881-Oct,0.6978637000000001
22,1881-Nov,0.67334765
23,1881-Dec,-0.017793692857142607
24,1882-Jan,0.0022986214285716233
25,1882-Feb,0.19366810000000023
26,1882-Mar,0.110484985714286
27,1882-Apr,0.1500374
28,1882-May,0.13418220714285722
29,1882-Jun,0.17949871428571423
30,1882-Jul,-0.27013233571428596
31,1882-Aug,-0.31254634999999986
32,1882-Sep,0.15777416428571422
33,1882-Oct,0.3437827
34,1882-Nov,0.3156686499999999
35,1882-Dec,0.5783553071428573
36,1883-Jan,0.6358876214285716
37,1883-Feb,0.43659910000000024
38,1883-Mar,0.04070198571428607
39,1883-Apr,-0.4253156
40,1883-May,-0.5049487928571429
41,1883-Jun,0.16585371428571422
42,1883-Jul,0.14884466428571397
43,1883-Aug,0.050051650000000336
44,1883-Sep,0.0017801642857140365
45,1883-Oct,0.018290700000000104
46,1883-Nov,0.16328964999999993
47,1883-Dec,-0.34356969285714256
48,1884-Jan,-0.18370237857142846
49,1884-Feb,-0.5420778999999996
50,1884-Mar,0.11036098571428599
51,1884-Apr,0.2976634
52,1884-May,0.3366802071428572
53,1884-Jun,-0.20573628571428576
54,1884-Jul,-0.749403335714286
55,1884-Aug,-0.9005263499999998
56,1884-Sep,-0.7614118357142858
57,1884-Oct,-0.058602299999999996
58,1884-Nov,-0.18448935000000008
59,1884-Dec,-0.16593469285714257
60,1885-Jan,0.8858756214285716
61,1885-Feb,0.08937910000000016
62,1885-Mar,0.11387098571428589
63,1885-Apr,0.2937124
64,1885-May,0.016793207142857258
65,1885-Jun,-0.30436728571428573
66,1885-Jul,-0.1753953357142859
67,1885-Aug,0.22088165000000037
68,1885-Sep,0.08036616428571408
69,1885-Oct,0.42283669999999995
70,1885-Nov,0.47431565
71,1885-Dec,0.2127863071428574
72,1886-Jan,0.7470856214285715
73,1886-Feb,1.4180271000000002
74,1886-Mar,1.302634985714286
75,1886-Apr,0.8859994
76,1886-May,0.9299782071428572
77,1886-Jun,1.2011247142857142
78,1886-Jul,1.0295556642857142
79,1886-Aug,0.9560476500000004
80,1886-Sep,0.593998164285714
81,1886-Oct,0.5556377000000001
82,1886-Nov,0.72749665
83,1886-Dec,0.5687443071428574
84,1887-Jan,0.8386716214285715
85,1887-Feb,0.48843210000000026
86,1887-Mar,0.9356069857142859
87,1887-Apr,1.1439683999999999
88,1887-May,1.1958452071428571
89,1887-Jun,1.0119647142857142
90,1887-Jul,0.7082276642857139
91,1887-Aug,1.0160896500000005
92,1887-Sep,0.9022211642857143
93,1887-Oct,1.6043497
94,1887-Nov,1.2606936499999999
95,1887-Dec,1.5380373071428575
96,1888-Jan,2.0443136214285715
97,1888-Feb,2.5046531000000005
98,1888-Mar,1.535278985714286
99,1888-Apr,1.0185574000000002
100,1888-May,1.356055207142857
101,1888-Jun,1.3451447142857142
102,1888-Jul,0.8645756642857143
103,1888-Aug,0.6555206500000001
104,1888-Sep,0.713737164285714
105,1888-Oct,1.2942987
106,1888-Nov,1.44098965
107,1888-Dec,1.5545583071428575
108,1889-Jan,1.3321016214285715
109,1889-Feb,1.0597201000000003
110,1889-Mar,1.255542985714286
111,1889-Apr,0.6528533999999999
112,1889-May,0.4610462071428572
113,1889-Jun,0.1814237142857142
114,1889-Jul,0.5262636642857141
115,1889-Aug,0.5366496500000002
116,1889-Sep,0.8930491642857143
117,1889-Oct,1.1829647
118,1889-Nov,1.82717365
119,1889-Dec,1.5549723071428574
120,1890-Jan,1.1233686214285714
121,1890-Feb,1.0607141000000002
122,1890-Mar,0.856095985714286
123,1890-Apr,0.5083884000000001
124,1890-May,0.20591920714285716
125,1890-Jun,0.5286957142857143
126,1890-Jul,0.2934976642857139
127,1890-Aug,0.6005896500000003
128,1890-Sep,0.887458164285714
129,1890-Oct,1.2114827000000001
130,1890-Nov,1.48491065
131,1890-Dec,0.9588843071428574
132,1891-Jan,0.49775262142857146
133,1891-Feb,0.9215651000000002
134,1891-Mar,0.772197985714286
135,1891-Apr,1.1481544000000001
136,1891-May,0.9350772071428572
137,1891-Jun,0.5512377142857141
138,1891-Jul,0.637715664285714
139,1891-Aug,0.7213286500000002
140,1891-Sep,-0.008268835714285938
141,1891-Oct,-0.0653743
142,1891-Nov,0.3612426499999999
143,1891-Dec,0.4415303071428574
144,1892-Jan,0.7858226214285715
145,1892-Feb,0.3294661000000003
146,1892-Mar,1.549078985714286
147,1892-Apr,1.5290354
148,1892-May,0.9943072071428573
149,1892-Jun,0.5156447142857143
150,1892-Jul,0.502964664285714
151,1892-Aug,0.6777176500000004
152,1892-Sep,0.30466716428571416
153,1892-Oct,0.5821826999999999
154,1892-Nov,1.59355165
155,1892-Dec,1.8264643071428575
156,1893-Jan,2.3920046214285717
157,1893-Feb,1.9500241000000003
158,1893-Mar,0.853701985714286
159,1893-Apr,0.7163234
160,1893-May,0.8922152071428572
161,1893-Jun,0.8405097142857141
162,1893-Jul,0.7371116642857141
163,1893-Aug,1.1094856499999999
164,1893-Sep,1.351248164285714
165,1893-Oct,1.2218696999999998
166,1893-Nov,1.28490865
167,1893-Dec,1.4120843071428575
168,1894-Jan,1.1934986214285717
169,1894-Feb,0.6259041000000003
170,1894-Mar,0.42992498571428595
171,1894-Apr,0.5111744
172,1894-May,0.16952920714285724
173,1894-Jun,-0.05699728571428575
174,1894-Jul,-0.23174233571428582
175,1894-Aug,-0.3113633499999997
176,1894-Sep,0.4000351642857143
177,1894-Oct,0.7858747000000001
178,1894-Nov,0.9951126499999999
179,1894-Dec,1.0069173071428574
180,1895-Jan,1.7549666214285715
181,1895-Feb,1.0239561000000004
182,1895-Mar,0.854168985714286
183,1895-Apr,0.7287344
184,1895-May,0.4774342071428572
185,1895-Jun,0.6248177142857141
186,1895-Jul,0.5899846642857143
187,1895-Aug,0.20007165000000038
188,1895-Sep,0.07821116428571395
189,1895-Oct,0.20358870000000007
190,1895-Nov,-0.010314350000000083
191,1895-Dec,0.35913530714285735
192,1896-Jan,0.8068916214285715
193,1896-Feb,0.9780901000000003
194,1896-Mar,1.262283985714286
195,1896-Apr,1.0375923999999999
196,1896-May,0.9309342071428572
197,1896-Jun,0.3080617142857142
198,1896-Jul,-0.06004433571428569
199,1896-Aug,0.4915736500000003
200,1896-Sep,0.5296861642857142
201,1896-Oct,0.28406069999999994
202,1896-Nov,0.78186665
203,1896-Dec,0.5050723071428573
204,1897-Jan,0.6148476214285715
205,1897-Feb,1.0468211000000003
206,1897-Mar,0.967920985714286
207,1897-Apr,0.26065340000000004
208,1897-May,0.10137220714285722
209,1897-Jun,0.12807671428571427
210,1897-Jul,0.02777366428571426
211,1897-Aug,-0.29814834999999995
212,1897-Sep,0.23603516428571414
213,1897-Oct,0.6335227000000001
214,1897-Nov,1.06001365
215,1897-Dec,0.6374523071428574
216,1898-Jan,0.061245621428571484
217,1898-Feb,0.6331261000000004
218,1898-Mar,1.420133985714286
219,1898-Apr,0.8397464
220,1898-May,0.8850402071428572
221,1898-Jun,0.5332507142857141
222,1898-Jul,1.2200206642857143
223,1898-Aug,0.8324646500000004
224,1898-Sep,0.6399251642857142
225,1898-Oct,0.6994437
226,1898-Nov,0.34913064999999993
227,1898-Dec,0.18892330714285743
228,1899-Jan,0.3023536214285716
229,1899-Feb,0.7029291000000002
230,1899-Mar,0.49535098571428593
231,1899-Apr,1.0007793999999999
232,1899-May,0.7686372071428572
233,1899-Jun,0.7259267142857142
234,1899-Jul,0.3041686642857142
235,1899-Aug,0.7587806500000003
236,1899-Sep,0.754560164285714
237,1899-Oct,0.6958147000000001
238,1899-Nov,0.1437936499999999
239,1899-Dec,1.7237263071428575
240,1900-Jan,1.3737796214285716
241,1900-Feb,0.8690701000000003
242,1900-Mar,1.013406985714286
243,1900-Apr,0.8710654
244,1900-May,0.4205092071428572
245,1900-Jun,0.20427871428571426
246,1900-Jul,0.06328166428571391
247,1900-Aug,-0.29631234999999956
248,1900-Sep,-0.36253683571428574
249,1900-Oct,-0.4409803
250,1900-Nov,-0.04125635000000008
251,1900-Dec,-0.3014886928571425
252,1901-Jan,0.19421162142857162
253,1901-Feb,0.3547931000000002
254,1901-Mar,0.1830509857142859
255,1901-Apr,-0.6044655999999999
256,1901-May,-0.2938247928571428
257,1901-Jun,-0.5824462857142858
258,1901-Jul,-0.632292335714286
259,1901-Aug,-0.41772534999999955
260,1901-Sep,-0.09433683571428597
261,1901-Oct,0.17450670000000001
262,1901-Nov,0.19065664999999993
263,1901-Dec,0.2758353071428574
264,1902-Jan,1.4875186214285716
265,1902-Feb,1.1329801000000002
266,1902-Mar,0.41970098571428593
267,1902-Apr,0.5689504000000001
268,1902-May,0.5659022071428572
269,1902-Jun,0.26224571428571425
270,1902-Jul,0.626897664285714
271,1902-Aug,0.8773636500000004
272,1902-Sep,1.054012164285714
273,1902-Oct,1.3032097000000002
274,1902-Nov,1.1171136499999998
275,1902-Dec,1.5410483071428573
276,1903-Jan,0.5135176214285715
277,1903-Feb,-0.2869708999999998
278,1903-Mar,-0.267881014285714
279,1903-Apr,-0.26917560000000007
280,1903-May,-0.24141479285714273
281,1903-Jun,-0.23205728571428577
282,1903-Jul,-0.6618013357142858
283,1903-Aug,-0.9750323499999998
284,1903-Sep,-0.5017168357142858
285,1903-Oct,-0.46838729999999995
286,1903-Nov,-0.24413635000000009
287,1903-Dec,0.03385230714285736
288,1904-Jan,0.7199296214285715
289,1904-Feb,0.3221141000000003
290,1904-Mar,-0.21311601428571425
291,1904-Apr,-0.2089546
292,1904-May,-0.5834567928571427
293,1904-Jun,-0.9622192857142857
294,1904-Jul,-0.3277083357142858
295,1904-Aug,-0.38701535
296,1904-Sep,-0.7894608357142858
297,1904-Oct,-0.5016442999999999
298,1904-Nov,-0.5950743500000001
299,1904-Dec,-0.36731769285714266
300,1905-Jan,-0.24459137857142843
301,1905-Feb,0.5773981000000004
302,1905-Mar,0.18924098571428605
303,1905-Apr,0.48929639999999996
304,1905-May,-0.07040379285714282
305,1905-Jun,-0.26327728571428577
306,1905-Jul,-0.5821803357142858
307,1905-Aug,-0.7683613499999997
308,1905-Sep,-0.6324418357142858
309,1905-Oct,0.42316470000000006
310,1905-Nov,0.10927564999999992
311,1905-Dec,-0.09276269285714256
312,1906-Jan,0.7207356214285715
313,1906-Feb,0.5034081000000004
314,1906-Mar,-0.06470701428571424
315,1906-Apr,0.06060840000000001
316,1906-May,0.06503720714285721
317,1906-Jun,0.1998137142857142
318,1906-Jul,0.03677266428571402
319,1906-Aug,-0.6416683499999998
320,1906-Sep,-0.4706968357142858
321,1906-Oct,-0.33317129999999995
322,1906-Nov,0.3532626499999999
323,1906-Dec,-0.004055692857142579
324,1907-Jan,0.4723416214285716
325,1907-Feb,0.4471771000000002
326,1907-Mar,-0.1435490142857141
327,1907-Apr,0.06490839999999998
328,1907-May,0.33219720714285716
329,1907-Jun,0.28662371428571426
330,1907-Jul,0.3776366642857143
331,1907-Aug,-0.007567349999999973
332,1907-Sep,0.3784301642857142
333,1907-Oct,0.03939170000000014
334,1907-Nov,0.3054986499999999
335,1907-Dec,0.35367630714285736
336,1908-Jan,0.47249062142857157
337,1908-Feb,0.7713081000000002
338,1908-Mar,0.8432549857142859
339,1908-Apr,0.07224439999999999
340,1908-May,0.20864520714285717
341,1908-Jun,0.31783871428571425
342,1908-Jul,0.6203446642857142
343,1908-Aug,0.8139616500000004
344,1908-Sep,0.4356251642857143
345,1908-Oct,0.21560369999999995
346,1908-Nov,0.82389165
347,1908-Dec,0.5649543071428573
348,1909-Jan,0.8254126214285715
349,1909-Feb,0.40742310000000015
350,1909-Mar,0.930835985714286
351,1909-Apr,0.6411754000000001
352,1909-May,0.6405882071428572
353,1909-Jun,0.5765547142857141
354,1909-Jul,0.5642266642857141
355,1909-Aug,0.7910446500000003
356,1909-Sep,1.1801641642857144
357,1909-Oct,0.9484937
358,1909-Nov,0.86538865
359,1909-Dec,1.1995633071428573
360,1910-Jan,0.39292862142857143
361,1910-Feb,0.5608031000000002
362,1910-Mar,0.460366985714286
363,1910-Apr,0.7316724
364,1910-May,0.7125412071428572
365,1910-Jun,0.7874397142857141
366,1910-Jul,0.465141664285714
367,1910-Aug,0.4138316500000001
368,1910-Sep,0.8739921642857142
369,1910-Oct,0.5709007000000001
370,1910-Nov,1.1954276499999998
371,1910-Dec,1.3368233071428572
372,1911-Jan,1.1980206214285716
373,1911-Feb,1.0359381
374,1911-Mar,0.8878579857142859
375,1911-Apr,0.5277993999999999
376,1911-May,0.07381020714285724
377,1911-Jun,0.06843771428571427
378,1911-Jul,0.6586056642857141
379,1911-Aug,0.3722986500000003
380,1911-Sep,0.548747164285714
381,1911-Oct,0.6608847
382,1911-Nov,-0.018884350000000077
383,1911-Dec,0.15461930714285743
384,1912-Jan,0.1827676214285716
385,1912-Feb,0.10527110000000017
386,1912-Mar,0.23518198571428606
387,1912-Apr,-0.11254659999999994
388,1912-May,-0.08084979285714278
389,1912-Jun,-0.008775285714285763
390,1912-Jul,-0.23121533571428587
391,1912-Aug,-0.13140534999999964
392,1912-Sep,0.33652716428571416
393,1912-Oct,0.4154837
394,1912-Nov,0.2810176499999999
395,1912-Dec,0.23836630714285734
396,1913-Jan,0.009291621428571428
397,1913-Feb,0.17456610000000028
398,1913-Mar,-0.031344014285713984
399,1913-Apr,-0.16683460000000006
400,1913-May,-0.15633979285714272
401,1913-Jun,-0.3891712857142858
402,1913-Jul,-0.029079335714286003
403,1913-Aug,0.18945665000000034
404,1913-Sep,0.2175861642857142
405,1913-Oct,-0.015160300000000015
406,1913-Nov,-0.5481033500000001
407,1913-Dec,-0.3855006928571427
408,1914-Jan,-0.2679793785714284
409,1914-Feb,-0.5690178999999997
410,1914-Mar,-0.21376601428571407
411,1914-Apr,-0.2871176
412,1914-May,-0.39773079285714286
413,1914-Jun,-0.025770285714285746
414,1914-Jul,-0.596006335714286
415,1914-Aug,-0.7431693499999996
416,1914-Sep,-0.31354483571428604
417,1914-Oct,-0.021421299999999865
418,1914-Nov,0.10013764999999993
419,1914-Dec,-0.6480216928571427
420,1915-Jan,-0.017827378571428465
421,1915-Feb,-0.19343889999999964
422,1915-Mar,0.539687985714286
423,1915-Apr,0.4273104000000001
424,1915-May,0.6360522071428572
425,1915-Jun,0.9540097142857142
426,1915-Jul,0.811013664285714
427,1915-Aug,0.7908446500000004
428,1915-Sep,1.068140164285714
429,1915-Oct,0.9589277
430,1915-Nov,0.8985356499999999
431,1915-Dec,0.7868143071428574
432,1916-Jan,0.28557662142857154
433,1916-Feb,-0.0049618999999998525
434,1916-Mar,0.48879098571428603
435,1916-Apr,0.5178494
436,1916-May,0.6406972071428572
437,1916-Jun,1.3910867142857142
438,1916-Jul,1.1167646642857143
439,1916-Aug,0.8906276500000003
440,1916-Sep,1.315236164285714
441,1916-Oct,1.1349107
442,1916-Nov,0.5999736499999999
443,1916-Dec,1.4348603071428574
444,1917-Jan,0.9750816214285716
445,1917-Feb,1.2856981000000003
446,1917-Mar,1.412009985714286
447,1917-Apr,1.4383704
448,1917-May,1.6664752071428572
449,1917-Jun,0.7237897142857141
450,1917-Jul,0.999390664285714
451,1917-Aug,0.72813265
452,1917-Sep,0.365965164285714
453,1917-Oct,0.7175407
454,1917-Nov,0.7165916499999999
455,1917-Dec,1.8109293071428574
456,1918-Jan,1.5447106214285715
457,1918-Feb,1.2229311000000003
458,1918-Mar,0.798661985714286
459,1918-Apr,0.9336804
460,1918-May,0.06151520714285719
461,1918-Jun,-0.38643428571428573
462,1918-Jul,-0.235837335714286
463,1918-Aug,-0.4734743499999996
464,1918-Sep,-0.6148448357142859
465,1918-Oct,-0.5094533
466,1918-Nov,0.07801364999999992
467,1918-Dec,0.6038683071428574
468,1919-Jan,0.18086862142857152
469,1919-Feb,0.5590471000000004
470,1919-Mar,0.4553209857142859
471,1919-Apr,0.4624284000000001
472,1919-May,0.5251642071428573
473,1919-Jun,0.24480171428571423
474,1919-Jul,0.7397406642857143
475,1919-Aug,0.96860765
476,1919-Sep,0.496763164285714
477,1919-Oct,0.6928747
478,1919-Nov,1.50684265
479,1919-Dec,0.9300103071428574
480,1920-Jan,0.0894346214285715
481,1920-Feb,0.13273610000000025
482,1920-Mar,-0.21356701428571423
483,1920-Apr,-0.2352506000000001
484,1920-May,0.08919020714285719
485,1920-Jun,-0.10060728571428579
486,1920-Jul,-0.47167333571428594
487,1920-Aug,-0.2908733499999996
488,1920-Sep,-0.21232283571428567
489,1920-Oct,0.18083470000000013
490,1920-Nov,0.11387864999999991
491,1920-Dec,0.44066030714285737
492,1921-Jan,-0.41424637857142854
493,1921-Feb,-0.029822899999999652
494,1921-Mar,-0.6884800142857141
495,1921-Apr,-0.3673786000000001
496,1921-May,-0.3610777928571428
497,1921-Jun,0.14262171428571419
498,1921-Jul,-0.0425583357142858
499,1921-Aug,-0.37502734999999987
500,1921-Sep,-0.37562083571428584
501,1921-Oct,0.060255700000000134
502,1921-Nov,0.27567764999999994
503,1921-Dec,0.3224003071428574
504,1922-Jan,0.2964316214285716
505,1922-Feb,0.9194621000000003
506,1922-Mar,-0.13630501428571407
507,1922-Apr,-0.18081560000000008
508,1922-May,-0.18845579285714276
509,1922-Jun,-0.46925928571428577
510,1922-Jul,-0.951869335714286
511,1922-Aug,-0.5511803499999997
512,1922-Sep,-0.07440483571428569
513,1922-Oct,0.11546070000000008
514,1922-Nov,0.5570876499999999
515,1922-Dec,0.3197103071428574
516,1923-Jan,0.43533962142857163
517,1923-Feb,0.6415611000000003
518,1923-Mar,0.20894298571428593
519,1923-Apr,0.3753784
520,1923-May,0.8012862071428573
521,1923-Jun,0.6713467142857141
522,1923-Jul,0.529598664285714
523,1923-Aug,-0.1814673499999997
524,1923-Sep,-0.20317883571428563
525,1923-Oct,-0.05375130000000006
526,1923-Nov,0.16751664999999993
527,1923-Dec,0.5165963071428574
528,1924-Jan,0.41434562142857145
529,1924-Feb,0.7456181000000002
530,1924-Mar,0.5555789857142859
531,1924-Apr,0.7147514
532,1924-May,0.4396552071428572
533,1924-Jun,0.4291007142857142
534,1924-Jul,0.08031466428571399
535,1924-Aug,0.32641965000000006
536,1924-Sep,0.17749516428571432
537,1924-Oct,0.6401637
538,1924-Nov,0.2832366499999999
539,1924-Dec,0.36289530714285734
540,1925-Jan,0.29265062142857157
541,1925-Feb,0.20073010000000036
542,1925-Mar,0.3757329857142859
543,1925-Apr,0.16426540000000012
544,1925-May,0.10916020714285724
545,1925-Jun,-0.030017285714285746
546,1925-Jul,-0.07697233571428597
547,1925-Aug,-0.2730593499999996
548,1925-Sep,0.07792716428571422
549,1925-Oct,0.6363407000000001
550,1925-Nov,0.2800376499999999
551,1925-Dec,0.2857563071428574
552,1926-Jan,-0.09624637857142848
553,1926-Feb,0.0911291000000003
554,1926-Mar,-0.20950801428571397
555,1926-Apr,0.1572313999999999
556,1926-May,0.5942922071428571
557,1926-Jun,0.2157787142857142
558,1926-Jul,0.2907066642857141
559,1926-Aug,-0.18246834999999972
560,1926-Sep,-0.20763383571428573
561,1926-Oct,0.3068757
562,1926-Nov,-0.045757350000000085
563,1926-Dec,0.8330593071428574
564,1927-Jan,0.9094856214285716
565,1927-Feb,0.5093281000000003
566,1927-Mar,0.840227985714286
567,1927-Apr,0.5274584
568,1927-May,0.5860732071428572
569,1927-Jun,0.6323447142857141
570,1927-Jul,0.3950376642857143
571,1927-Aug,0.31763465
572,1927-Sep,-0.015685835714285723
573,1927-Oct,0.2773757000000001
574,1927-Nov,0.22543764999999993
575,1927-Dec,0.6014863071428573
576,1928-Jan,-0.1552533785714285
577,1928-Feb,-0.3230778999999997
578,1928-Mar,0.14725498571428597
579,1928-Apr,0.24453740000000002
580,1928-May,0.8312342071428572
581,1928-Jun,0.9595597142857142
582,1928-Jul,0.38015566428571423
583,1928-Aug,0.2325346500000003
584,1928-Sep,0.026642164285714198
585,1928-Oct,0.3432857
586,1928-Nov,0.1439606499999999
587,1928-Dec,0.15971930714285743
588,1929-Jan,0.9721726214285715
589,1929-Feb,1.1777871000000002
590,1929-Mar,0.811296985714286
591,1929-Apr,0.9232854
592,1929-May,0.3449162071428572
593,1929-Jun,0.17171171428571425
594,1929-Jul,0.341704664285714
595,1929-Aug,0.6530986500000004
596,1929-Sep,0.2703191642857141
597,1929-Oct,0.22558670000000003
598,1929-Nov,0.04430764999999992
599,1929-Dec,0.14181730714285734
600,1930-Jan,-0.6668363785714284
601,1930-Feb,-0.13467689999999966
602,1930-Mar,-0.20167301428571394
603,1930-Apr,0.3365313999999999
604,1930-May,0.3265922071428572
605,1930-Jun,-0.036104285714285755
606,1930-Jul,-0.059127335714285856
607,1930-Aug,-0.22423634999999997
608,1930-Sep,0.29370116428571436
609,1930-Oct,0.18049669999999995
610,1930-Nov,0.13796364999999994
611,1930-Dec,0.1005463071428574
612,1931-Jan,0.3634176214285716
613,1931-Feb,0.5568531000000003
614,1931-Mar,0.49310898571428585
615,1931-Apr,0.6829994
616,1931-May,0.5466062071428572
617,1931-Jun,0.4443737142857142
618,1931-Jul,0.20996266428571397
619,1931-Aug,0.3914416500000004
620,1931-Sep,1.102961164285714
621,1931-Oct,0.7534487000000001
622,1931-Nov,0.24332764999999992
623,1931-Dec,0.17258030714285733
624,1932-Jan,0.06049162142857156
625,1932-Feb,1.0126821000000001
626,1932-Mar,0.889993985714286
627,1932-Apr,0.5579833999999999
628,1932-May,0.9008182071428572
629,1932-Jun,1.0575117142857142
630,1932-Jul,0.7301316642857141
631,1932-Aug,1.3807316500000004
632,1932-Sep,1.1856061642857143
633,1932-Oct,1.1790027
634,1932-Nov,1.2180346499999999
635,1932-Dec,0.8620043071428574
636,1933-Jan,0.6204686214285715
637,1933-Feb,1.1137771000000003
638,1933-Mar,0.9454369857142859
639,1933-Apr,0.8485104
640,1933-May,0.7950162071428573
641,1933-Jun,0.9606717142857142
642,1933-Jul,0.6718176642857143
643,1933-Aug,0.6686486500000002
644,1933-Sep,0.845339164285714
645,1933-Oct,1.2854657000000003
646,1933-Nov,1.48981265
647,1933-Dec,1.4456613071428572
648,1934-Jan,0.7667736214285715
649,1934-Feb,0.1587951000000003
650,1934-Mar,0.511018985714286
651,1934-Apr,0.5596444
652,1934-May,-0.042702792857142735
653,1934-Jun,0.5165957142857143
654,1934-Jul,0.790092664285714
655,1934-Aug,0.40233165000000026
656,1934-Sep,-0.11253883571428602
657,1934-Oct,0.11620070000000005
658,1934-Nov,0.5999426499999999
659,1934-Dec,0.5691433071428573
660,1935-Jan,1.2704096214285716
661,1935-Feb,0.07141910000000018
662,1935-Mar,0.5728309857142859
663,1935-Apr,0.9335254000000001
664,1935-May,1.2455842071428571
665,1935-Jun,0.38331571428571426
666,1935-Jul,0.01771366428571408
667,1935-Aug,0.5311366500000001
668,1935-Sep,0.25030616428571406
669,1935-Oct,0.11318669999999997
670,1935-Nov,0.5196046499999999
671,1935-Dec,0.7983983071428574
672,1936-Jan,0.8200976214285716
673,1936-Feb,1.3894561000000003
674,1936-Mar,1.107975985714286
675,1936-Apr,0.8774744
676,1936-May,0.5438822071428573
677,1936-Jun,1.1322417142857142
678,1936-Jul,0.7076516642857142
679,1936-Aug,1.0053406500000004
680,1936-Sep,1.0554551642857142
681,1936-Oct,0.9825576999999999
682,1936-Nov,0.23619164999999992
683,1936-Dec,0.2436733071428574
684,1937-Jan,-0.041132378571428374
685,1937-Feb,-0.025401899999999644
686,1937-Mar,0.5976439857142859
687,1937-Apr,0.3163994000000001
688,1937-May,-0.036937792857142826
689,1937-Jun,0.5960797142857142
690,1937-Jul,0.5523226642857142
691,1937-Aug,0.19747565000000034
692,1937-Sep,-0.17029983571428575
693,1937-Oct,-0.05694929999999987
694,1937-Nov,0.3351506499999999
695,1937-Dec,0.7327953071428573
696,1938-Jan,0.2463556214285716
697,1938-Feb,0.3098441000000003
698,1938-Mar,0.0037589857142859007
699,1938-Apr,0.4840704
700,1938-May,0.6935042071428572
701,1938-Jun,0.4913147142857142
702,1938-Jul,0.15498266428571394
703,1938-Aug,0.22318865000000043
704,1938-Sep,0.7958391642857143
705,1938-Oct,0.22652170000000016
706,1938-Nov,0.07581664999999993
707,1938-Dec,-0.007246692857142634
708,1939-Jan,0.29445362142857157
709,1939-Feb,0.40849610000000025
710,1939-Mar,0.637458985714286
711,1939-Apr,0.24567640000000002
712,1939-May,0.2988212071428572
713,1939-Jun,0.4439877142857142
714,1939-Jul,0.6029556642857141
715,1939-Aug,0.5085326500000003
716,1939-Sep,0.7453601642857142
717,1939-Oct,0.8147577000000001
718,1939-Nov,0.3213316499999999
719,1939-Dec,-0.2375046928571427
720,1940-Jan,0.6099446214285715
721,1940-Feb,0.9188621000000002
722,1940-Mar,0.5700789857142861
723,1940-Apr,0.27737239999999996
724,1940-May,0.16811620714285724
725,1940-Jun,0.1705707142857142
726,1940-Jul,0.7034956642857142
727,1940-Aug,0.9145186500000002
728,1940-Sep,0.9936311642857141
729,1940-Oct,0.1778997
730,1940-Nov,-0.024305350000000087
731,1940-Dec,0.7741263071428574
732,1941-Jan,0.9087696214285715
733,1941-Feb,0.40877810000000014
734,1941-Mar,1.039525985714286
735,1941-Apr,1.0199834
736,1941-May,0.9674862071428572
737,1941-Jun,0.7453997142857143
738,1941-Jul,0.14719066428571415
739,1941-Aug,0.4739646500000001
740,1941-Sep,1.2087861642857143
741,1941-Oct,1.0188897000000001
742,1941-Nov,1.00026565
743,1941-Dec,0.4770193071428574
744,1942-Jan,0.17443462142857147
745,1942-Feb,0.8299571000000003
746,1942-Mar,0.817261985714286
747,1942-Apr,0.49394340000000003
748,1942-May,0.5794062071428572
749,1942-Jun,0.42528771428571427
750,1942-Jul,0.6073846642857141
751,1942-Aug,0.6190706500000003
752,1942-Sep,0.35417916428571417
753,1942-Oct,0.15141170000000015
754,1942-Nov,0.21430264999999993
755,1942-Dec,0.3336233071428574
756,1943-Jan,0.6947296214285715
757,1943-Feb,0.03887110000000016
758,1943-Mar,0.34838298571428594
759,1943-Apr,-0.17044860000000006
760,1943-May,-0.4102297928571429
761,1943-Jun,-0.23435428571428576
762,1943-Jul,-0.23222633571428597
763,1943-Aug,-0.18015934999999983
764,1943-Sep,-0.3250888357142858
765,1943-Oct,-0.19129629999999997
766,1943-Nov,-0.039808350000000076
767,1943-Dec,-0.07911469285714268
768,1944-Jan,-0.1632643785714285
769,1944-Feb,-0.030912899999999688
770,1944-Mar,0.17553098571428594
771,1944-Apr,0.5972143999999999
772,1944-May,0.6541762071428572
773,1944-Jun,0.4898397142857142
774,1944-Jul,0.595485664285714
775,1944-Aug,0.6040496500000003
776,1944-Sep,0.5491231642857142
777,1944-Oct,0.6417727
778,1944-Nov,0.90575365
779,1944-Dec,0.5974523071428575
780,1945-Jan,0.6303406214285715
781,1945-Feb,1.2664381000000002
782,1945-Mar,0.7285339857142861
783,1945-Apr,0.3087504000000001
784,1945-May,0.7276752071428572
785,1945-Jun,0.6592997142857142
786,1945-Jul,0.6745246642857139
787,1945-Aug,0.5260106500000004
788,1945-Sep,0.34939616428571396
789,1945-Oct,0.36159770000000013
790,1945-Nov,0.27107764999999995
791,1945-Dec,0.33328330714285737
792,1946-Jan,-0.41091537857142857
793,1946-Feb,-0.07159989999999983
794,1946-Mar,0.11681998571428598
795,1946-Apr,-0.3365576000000001
796,1946-May,0.15903720714285718
797,1946-Jun,-0.19239628571428574
798,1946-Jul,-0.3854313357142858
799,1946-Aug,-0.4210923499999999
800,1946-Sep,-0.18542083571428591
801,1946-Oct,0.18438770000000004
802,1946-Nov,-0.029920350000000068
803,1946-Dec,0.11415430714285735
804,1947-Jan,-0.21741037857142853
805,1947-Feb,-0.043193899999999674
806,1947-Mar,-0.13382701428571409
807,1947-Apr,-0.5734945999999999
808,1947-May,-0.7614327928571428
809,1947-Jun,-0.7194662857142857
810,1947-Jul,-1.135656335714286
811,1947-Aug,-0.9081983499999997
812,1947-Sep,-1.0722628357142858
813,1947-Oct,-0.6171513
814,1947-Nov,-0.1961073500000001
815,1947-Dec,0.1510813071428574
816,1948-Jan,-0.17696937857142836
817,1948-Feb,0.03364910000000032
818,1948-Mar,0.15738598571428586
819,1948-Apr,-0.34243160000000006
820,1948-May,-0.5873187928571427
821,1948-Jun,-0.5520112857142858
822,1948-Jul,0.2272826642857142
823,1948-Aug,0.13423165000000026
824,1948-Sep,0.08559116428571434
825,1948-Oct,0.008064700000000036
826,1948-Nov,-0.08303435000000006
827,1948-Dec,0.03117130714285743
828,1949-Jan,-0.5242723785714283
829,1949-Feb,-0.3133878999999997
830,1949-Mar,-0.18462601428571412
831,1949-Apr,-0.14846559999999998
832,1949-May,-0.13849479285714283
833,1949-Jun,-0.06881828571428578
834,1949-Jul,-0.24429133571428596
835,1949-Aug,-0.4502803499999999
836,1949-Sep,-0.2791288357142858
837,1949-Oct,-0.4101482999999999
838,1949-Nov,-0.5397053500000001
839,1949-Dec,-0.31171669285714265
840,1950-Jan,0.10141262142857155
841,1950-Feb,-0.12402789999999975
842,1950-Mar,-0.4120120142857142
843,1950-Apr,-0.06946959999999991
844,1950-May,0.3980792071428572
845,1950-Jun,0.19313171428571424
846,1950-Jul,0.025967664285714065
847,1950-Aug,-0.37856834999999966
848,1950-Sep,-0.42680583571428565
849,1950-Oct,-0.2681722999999999
850,1950-Nov,0.3548226499999999
851,1950-Dec,0.16737330714285736
852,1951-Jan,0.30148862142857147
853,1951-Feb,0.4473431000000003
854,1951-Mar,0.3092789857142859
855,1951-Apr,0.2456144
856,1951-May,0.4743172071428572
857,1951-Jun,0.7923037142857141
858,1951-Jul,0.665035664285714
859,1951-Aug,0.18301265000000022
860,1951-Sep,-0.43218983571428593
861,1951-Oct,-0.10740629999999995
862,1951-Nov,-0.028741350000000082
863,1951-Dec,-0.5210976928571427
864,1952-Jan,-0.5160043785714286
865,1952-Feb,-0.3975778999999997
866,1952-Mar,0.08895598571428587
867,1952-Apr,-0.2361396
868,1952-May,-0.01932179285714275
869,1952-Jun,0.6845797142857142
870,1952-Jul,0.6810976642857143
871,1952-Aug,1.2351826500000005
872,1952-Sep,1.4262171642857142
873,1952-Oct,0.9793417000000002
874,1952-Nov,0.85253065
875,1952-Dec,0.8976733071428574
876,1953-Jan,0.4041616214285715
877,1953-Feb,0.0356101000000002
878,1953-Mar,0.264019985714286
879,1953-Apr,0.10055740000000002
880,1953-May,0.3235112071428572
881,1953-Jun,0.3816187142857142
882,1953-Jul,0.34334266428571425
883,1953-Aug,-0.3062483499999997
884,1953-Sep,-0.20182683571428583
885,1953-Oct,-0.3765552999999999
886,1953-Nov,-0.2555093500000001
887,1953-Dec,-0.33609469285714266
888,1954-Jan,0.2222366214285716
889,1954-Feb,0.0524281000000002
890,1954-Mar,0.324470985714286
891,1954-Apr,-0.017699600000000038
892,1954-May,0.3547572071428572
893,1954-Jun,0.5681767142857141
894,1954-Jul,0.996467664285714
895,1954-Aug,0.6511296500000001
896,1954-Sep,0.23216216428571412
897,1954-Oct,-0.21629029999999994
898,1954-Nov,-0.54397835
899,1954-Dec,0.03502530714285734
900,1955-Jan,-0.08524137857142855
901,1955-Feb,0.6682531000000003
902,1955-Mar,1.038947985714286
903,1955-Apr,0.8282634
904,1955-May,0.44518820714285723
905,1955-Jun,0.42105571428571426
906,1955-Jul,0.4497536642857143
907,1955-Aug,0.21801065000000008
908,1955-Sep,0.0046111642857140644
909,1955-Oct,0.04423470000000007
910,1955-Nov,1.01855465
911,1955-Dec,0.8724683071428574
912,1956-Jan,0.5822096214285716
913,1956-Feb,0.8841701000000003
914,1956-Mar,0.8606889857142859
915,1956-Apr,1.1057194
916,1956-May,0.5083962071428572
917,1956-Jun,0.2087287142857142
918,1956-Jul,0.3602126642857142
919,1956-Aug,0.6491036500000003
920,1956-Sep,0.646805164285714
921,1956-Oct,0.6853117
922,1956-Nov,0.68256865
923,1956-Dec,0.1677183071428574
924,1957-Jan,0.01807762142857161
925,1957-Feb,-0.18565889999999974
926,1957-Mar,0.187810985714286
927,1957-Apr,0.3540474
928,1957-May,0.057058207142857253
929,1957-Jun,0.053721714285714206
930,1957-Jul,0.2986246642857142
931,1957-Aug,0.5922876500000003
932,1957-Sep,0.5814701642857143
933,1957-Oct,0.4350107000000001
934,1957-Nov,-0.09738935000000007
935,1957-Dec,-0.3233756928571425
936,1958-Jan,-0.6338023785714286
937,1958-Feb,0.15702410000000033
938,1958-Mar,0.5603809857142861
939,1958-Apr,0.5903464
940,1958-May,0.3373262071428572
941,1958-Jun,0.49195371428571427
942,1958-Jul,0.540737664285714
943,1958-Aug,0.42919865000000046
944,1958-Sep,0.3058611642857141
945,1958-Oct,-0.11219629999999992
946,1958-Nov,0.20085364999999994
947,1958-Dec,-0.09501769285714268
948,1959-Jan,0.08749362142857153
949,1959-Feb,-0.055094899999999836
950,1959-Mar,-0.47725201428571395
951,1959-Apr,-0.19084860000000003
952,1959-May,0.26132620714285726
953,1959-Jun,-0.19181628571428577
954,1959-Jul,-0.10408233571428593
955,1959-Aug,0.15370465000000033
956,1959-Sep,0.07311516428571396
957,1959-Oct,-0.3082402999999999
958,1959-Nov,-0.4474843500000001
959,1959-Dec,-0.5919976928571427
960,1960-Jan,-0.24780437857142856
961,1960-Feb,-0.4369708999999997
962,1960-Mar,0.533719985714286
963,1960-Apr,0.14533740000000006
964,1960-May,0.07240820714285723
965,1960-Jun,-0.27359328571428576
966,1960-Jul,-0.015640335714286024
967,1960-Aug,0.39788365000000026
968,1960-Sep,0.014964164285714343
969,1960-Oct,0.20741169999999998
970,1960-Nov,0.05245264999999992
971,1960-Dec,-0.6193666928571426
972,1961-Jan,-0.45977137857142836
973,1961-Feb,-0.6776008999999996
974,1961-Mar,-0.4003180142857139
975,1961-Apr,-0.0674576
976,1961-May,0.23647220714285722
977,1961-Jun,0.047275714285714254
978,1961-Jul,0.15018766428571428
979,1961-Aug,0.031055650000000323
980,1961-Sep,-0.5154868357142859
981,1961-Oct,-0.6904443
982,1961-Nov,-0.19548835000000006
983,1961-Dec,0.23224830714285738
984,1962-Jan,-0.3140713785714284
985,1962-Feb,-0.5304939
986,1962-Mar,-0.25047401428571403
987,1962-Apr,-0.18347859999999994
988,1962-May,0.14979720714285727
989,1962-Jun,-0.05885828571428575
990,1962-Jul,0.0199536642857141
991,1962-Aug,-0.38997534999999983
992,1962-Sep,-0.42764783571428566
993,1962-Oct,-0.30984429999999996
994,1962-Nov,-0.19977435000000007
995,1962-Dec,0.06226630714285741
996,1963-Jan,0.31098862142857153
997,1963-Feb,-0.2641998999999997
998,1963-Mar,0.31077398571428594
999,1963-Apr,0.04665340000000007
1000,1963-May,-0.08415779285714275
1001,1963-Jun,-0.22955628571428577
1002,1963-Jul,-0.5553853357142859
1003,1963-Aug,-0.8324523499999996
1004,1963-Sep,-0.7674878357142858
1005,1963-Oct,-0.7633093
1006,1963-Nov,-0.71886335
1007,1963-Dec,-0.09199469285714268
1008,1964-Jan,0.19050762142857147
1009,1964-Feb,0.29632910000000035
1010,1964-Mar,0.644817985714286
1011,1964-Apr,0.3233653999999999
1012,1964-May,-0.045697792857142816
1013,1964-Jun,0.31460271428571424
1014,1964-Jul,0.07715966428571397
1015,1964-Aug,0.08808365000000018
1016,1964-Sep,0.2595071642857141
1017,1964-Oct,0.09951770000000004
1018,1964-Nov,0.35012864999999993
1019,1964-Dec,0.38510430714285737
1020,1965-Jan,0.24550862142857155
1021,1965-Feb,0.7353621000000004
1022,1965-Mar,0.635928985714286
1023,1965-Apr,0.7846314
1024,1965-May,0.4249562071428572
1025,1965-Jun,0.3055137142857142
1026,1965-Jul,0.3964736642857143
1027,1965-Aug,0.10024065000000038
1028,1965-Sep,0.20341216428571407
1029,1965-Oct,-0.03668530000000003
1030,1965-Nov,-0.08409735000000007
1031,1965-Dec,0.15428830714285735
1032,1966-Jan,0.5199376214285716
1033,1966-Feb,0.4453111000000003
1034,1966-Mar,0.487433985714286
1035,1966-Apr,0.6305874
1036,1966-May,-0.04888279285714281
1037,1966-Jun,-0.34140328571428574
1038,1966-Jul,0.1890136642857141
1039,1966-Aug,0.7438626500000001
1040,1966-Sep,0.3296451642857141
1041,1966-Oct,0.38362570000000007
1042,1966-Nov,0.3470616499999999
1043,1966-Dec,0.3047363071428574
1044,1967-Jan,0.6564546214285716
1045,1967-Feb,0.4816931000000002
1046,1967-Mar,-0.331830014285714
1047,1967-Apr,0.3316334000000001
1048,1967-May,-0.03437579285714276
1049,1967-Jun,-0.07560628571428574
1050,1967-Jul,-0.38110133571428584
1051,1967-Aug,-0.42808734999999976
1052,1967-Sep,-0.23720483571428597
1053,1967-Oct,-0.9075293
1054,1967-Nov,-0.44058435000000007
1055,1967-Dec,-0.03385269285714265
1056,1968-Jan,0.40712062142857164
1057,1968-Feb,0.20358410000000027
1058,1968-Mar,-0.499956014285714
1059,1968-Apr,-0.3898096000000002
1060,1968-May,-0.17826179285714272
1061,1968-Jun,-0.6069822857142857
1062,1968-Jul,-0.4474063357142859
1063,1968-Aug,-0.23791034999999994
1064,1968-Sep,-0.6095238357142858
1065,1968-Oct,-0.5401832999999999
1066,1968-Nov,-0.09693835000000009
1067,1968-Dec,-0.19623469285714257
1068,1969-Jan,0.1837906214285716
1069,1969-Feb,0.34908010000000034
1070,1969-Mar,0.35102098571428586
1071,1969-Apr,-0.3135686
1072,1969-May,-0.3972357928571427
1073,1969-Jun,-0.3661742857142858
1074,1969-Jul,-0.7045073357142859
1075,1969-Aug,-0.8749283499999998
1076,1969-Sep,-0.418131835714286
1077,1969-Oct,-0.6494412999999999
1078,1969-Nov,-0.80239835
1079,1969-Dec,-0.4865826928571426
1080,1970-Jan,0.08624862142857159
1081,1970-Feb,-0.42309189999999997
1082,1970-Mar,0.07864698571428597
1083,1970-Apr,0.08597539999999992
1084,1970-May,-0.32970179285714274
1085,1970-Jun,-0.6828212857142858
1086,1970-Jul,-0.7916213357142858
1087,1970-Aug,-0.4073163499999999
1088,1970-Sep,-0.6470008357142858
1089,1970-Oct,-0.3929543
1090,1970-Nov,-0.59023935
1091,1970-Dec,-0.09966569285714266
1092,1971-Jan,-0.018863378571428502
1093,1971-Feb,-0.20353189999999954
1094,1971-Mar,0.143332985714286
1095,1971-Apr,0.011049400000000098
1096,1971-May,-0.07539379285714276
1097,1971-Jun,0.14530771428571426
1098,1971-Jul,0.2523506642857143
1099,1971-Aug,-0.028113349999999926
1100,1971-Sep,-0.24122483571428566
1101,1971-Oct,-0.038584299999999905
1102,1971-Nov,-0.21207335000000008
1103,1971-Dec,-0.08945369285714255
1104,1972-Jan,-0.06276437857142847
1105,1972-Feb,-0.12826789999999977
1106,1972-Mar,-0.6727470142857142
1107,1972-Apr,-0.2722686000000001
1108,1972-May,-0.5388527928571428
1109,1972-Jun,-0.7839502857142857
1110,1972-Jul,-0.9684023357142859
1111,1972-Aug,-0.7176623499999999
1112,1972-Sep,-0.15327683571428574
1113,1972-Oct,-0.40298429999999996
1114,1972-Nov,-0.49460135000000005
1115,1972-Dec,-1.0634066928571426
1116,1973-Jan,-1.1322203785714287
1117,1973-Feb,-1.2518408999999997
1118,1973-Mar,-1.0991660142857143
1119,1973-Apr,-0.5914306
1120,1973-May,-0.30428879285714283
1121,1973-Jun,-0.42550728571428575
1122,1973-Jul,-0.4914483357142858
1123,1973-Aug,-0.6280343499999996
1124,1973-Sep,-0.38266783571428586
1125,1973-Oct,-0.04921129999999985
1126,1973-Nov,-0.2919483500000001
1127,1973-Dec,-0.2062546928571427
1128,1974-Jan,-0.5262583785714283
1129,1974-Feb,-0.49135989999999974
1130,1974-Mar,-0.9008660142857141
1131,1974-Apr,-0.8114936000000001
1132,1974-May,-0.7706977928571427
1133,1974-Jun,-0.6360282857142858
1134,1974-Jul,-0.559919335714286
1135,1974-Aug,-0.5246803499999997
1136,1974-Sep,-1.0302378357142858
1137,1974-Oct,-0.3399143
1138,1974-Nov,-0.37881935
1139,1974-Dec,-0.43263969285714254
1140,1975-Jan,-1.0722573785714284
1141,1975-Feb,-0.9643708999999998
1142,1975-Mar,-0.7676320142857143
1143,1975-Apr,-0.3179665999999999
1144,1975-May,-0.2788517928571427
1145,1975-Jun,-0.14266128571428577
1146,1975-Jul,-0.03252533571428584
1147,1975-Aug,-0.03066534999999959
1148,1975-Sep,-0.15301383571428584
1149,1975-Oct,-0.21361829999999993
1150,1975-Nov,-0.13358835000000005
1151,1975-Dec,-0.06268469285714262
1152,1976-Jan,-0.20910937857142842
1153,1976-Feb,-0.24725289999999966
1154,1976-Mar,-0.19309101428571385
1155,1976-Apr,-0.4845415999999998
1156,1976-May,-0.5071487928571429
1157,1976-Jun,-0.7988652857142857
1158,1976-Jul,-0.887496335714286
1159,1976-Aug,-0.47083534999999976
1160,1976-Sep,-0.08472683571428563
1161,1976-Oct,-0.38773029999999997
1162,1976-Nov,-0.63424035
1163,1976-Dec,-0.6677586928571426
1164,1977-Jan,-0.5343673785714285
1165,1977-Feb,-0.6886778999999998
1166,1977-Mar,-0.5503920142857139
1167,1977-Apr,-0.5361496000000001
1168,1977-May,-0.2644577928571429
1169,1977-Jun,0.09597371428571427
1170,1977-Jul,0.18374666428571418
1171,1977-Aug,0.2572996500000002
1172,1977-Sep,-0.45957183571428595
1173,1977-Oct,-0.31733029999999995
1174,1977-Nov,-0.6236763500000001
1175,1977-Dec,-0.4073946928571426
1176,1978-Jan,-0.7527333785714285
1177,1978-Feb,-0.05508289999999971
1178,1978-Mar,-0.09087001428571417
1179,1978-Apr,-0.1550536
1180,1978-May,-0.22776679285714285
1181,1978-Jun,-0.48645128571428575
1182,1978-Jul,-0.13246433571428584
1183,1978-Aug,-0.2383153499999997
1184,1978-Sep,-0.17681983571428583
1185,1978-Oct,-0.0628843
1186,1978-Nov,-0.54761335
1187,1978-Dec,-0.4731006928571426
1188,1979-Jan,-0.14747937857142857
1189,1979-Feb,0.4483031000000002
1190,1979-Mar,-0.24201801428571423
1191,1979-Apr,0.22577139999999996
1192,1979-May,0.13984620714285723
1193,1979-Jun,-0.08140628571428576
1194,1979-Jul,-0.04787233571428606
1195,1979-Aug,-0.2790363499999997
1196,1979-Sep,-0.35261783571428573
1197,1979-Oct,-0.5997022999999999
1198,1979-Nov,-0.8482383500000001
1199,1979-Dec,-1.2477216928571426
1200,1980-Jan,-0.5619293785714286
1201,1980-Feb,-0.8099888999999998
1202,1980-Mar,-0.3282000142857142
1203,1980-Apr,-0.1746825999999999
1204,1980-May,-0.16027479285714274
1205,1980-Jun,0.041716714285714274
1206,1980-Jul,-0.10300533571428594
1207,1980-Aug,-0.3510243499999999
1208,1980-Sep,-0.5068608357142859
1209,1980-Oct,-0.8784113
1210,1980-Nov,-0.57857135
1211,1980-Dec,-0.19772669285714262
1212,1981-Jan,-0.9774253785714286
1213,1981-Feb,-0.7062558999999997
1214,1981-Mar,-0.6422700142857138
1215,1981-Apr,-0.2399156
1216,1981-May,-0.2118467928571427
1217,1981-Jun,-0.4120472857142858
1218,1981-Jul,-0.16377633571428585
1219,1981-Aug,0.07038565000000041
1220,1981-Sep,0.011569164285714084
1221,1981-Oct,-0.40501529999999997
1222,1981-Nov,-0.40885335
1223,1981-Dec,-0.24323969285714253
1224,1982-Jan,0.3814756214285715
1225,1982-Feb,-0.36052289999999965
1226,1982-Mar,-0.30391801428571386
1227,1982-Apr,-0.5566055999999999
1228,1982-May,-0.4532217928571428
1229,1982-Jun,-0.5646802857142857
1230,1982-Jul,-0.45128133571428597
1231,1982-Aug,-0.38157834999999984
1232,1982-Sep,-0.7476408357142859
1233,1982-Oct,-1.0038673
1234,1982-Nov,-0.8233223500000001
1235,1982-Dec,-1.2528886928571428
1236,1983-Jan,-1.5759493785714285
1237,1983-Feb,-0.8306539
1238,1983-Mar,-0.836338014285714
1239,1983-Apr,-0.6617795999999998
1240,1983-May,-0.5354157928571427
1241,1983-Jun,-0.5061252857142857
1242,1983-Jul,-0.04678133571428589
1243,1983-Aug,-0.06303634999999996
1244,1983-Sep,-0.8886298357142859
1245,1983-Oct,-0.6896172999999999
1246,1983-Nov,-0.7179813500000001
1247,1983-Dec,-0.1858576928571427
1248,1984-Jan,-0.7964003785714286
1249,1984-Feb,-0.5712068999999997
1250,1984-Mar,-0.6277880142857142
1251,1984-Apr,-0.37599760000000004
1252,1984-May,-0.30015879285714286
1253,1984-Jun,-0.33320728571428576
1254,1984-Jul,-0.02227733571428603
1255,1984-Aug,0.07316465000000028
1256,1984-Sep,0.13093616428571409
1257,1984-Oct,-0.6609442999999999
1258,1984-Nov,-0.88323335
1259,1984-Dec,-0.6797276928571425
1260,1985-Jan,-0.8070393785714285
1261,1985-Feb,-0.28402789999999967
1262,1985-Mar,-0.4915350142857142
1263,1985-Apr,-0.5893605999999998
1264,1985-May,-0.5194797928571427
1265,1985-Jun,-0.45168828571428576
1266,1985-Jul,-0.6443863357142858
1267,1985-Aug,-1.2008233499999998
1268,1985-Sep,-1.0352418357142859
1269,1985-Oct,-0.9983263
1270,1985-Nov,-0.83579135
1271,1985-Dec,-0.8685546928571426
1272,1986-Jan,-1.1188023785714285
1273,1986-Feb,-0.9143298999999996
1274,1986-Mar,-0.9653420142857141
1275,1986-Apr,-1.0480886
1276,1986-May,-1.2428127928571429
1277,1986-Jun,-0.9595602857142858
1278,1986-Jul,-0.544602335714286
1279,1986-Aug,-0.6074403499999996
1280,1986-Sep,0.15085316428571405
1281,1986-Oct,-0.6250032999999999
1282,1986-Nov,-1.21774935
1283,1986-Dec,-1.4647006928571424
1284,1987-Jan,-0.9364333785714285
1285,1987-Feb,-1.0291598999999996
1286,1987-Mar,-0.3651000142857139
1287,1987-Apr,-0.40337560000000017
1288,1987-May,-0.5416817928571428
1289,1987-Jun,0.32899271428571425
1290,1987-Jul,0.26851866428571425
1291,1987-Aug,0.63215865
1292,1987-Sep,-0.5201838357142858
1293,1987-Oct,-0.9089103
1294,1987-Nov,-0.6314783500000001
1295,1987-Dec,-0.7833116928571426
1296,1988-Jan,-1.0273953785714283
1297,1988-Feb,-0.9041928999999997
1298,1988-Mar,-0.5280080142857142
1299,1988-Apr,-0.5367716
1300,1988-May,-0.5469717928571428
1301,1988-Jun,-0.32263328571428573
1302,1988-Jul,-0.5833173357142858
1303,1988-Aug,-1.0305883499999997
1304,1988-Sep,-0.5761368357142858
1305,1988-Oct,-0.5072553
1306,1988-Nov,0.023236649999999914
1307,1988-Dec,-0.3377026928571427
1308,1989-Jan,-0.36594037857142836
1309,1989-Feb,-0.8749528999999996
1310,1989-Mar,-1.2553070142857141
1311,1989-Apr,-1.0505896000000001
1312,1989-May,-0.8633867928571427
1313,1989-Jun,-0.7126822857142858
1314,1989-Jul,-0.6533663357142858
1315,1989-Aug,-0.7128103499999998
1316,1989-Sep,-0.784260835714286
1317,1989-Oct,-0.7445553
1318,1989-Nov,-0.9954033500000001
1319,1989-Dec,-0.8993656928571425
1320,1990-Jan,-1.3027933785714283
1321,1990-Feb,-1.4259768999999995
1322,1990-Mar,-2.043922014285714
1323,1990-Apr,-1.6456416
1324,1990-May,-1.143989792857143
1325,1990-Jun,-1.2425482857142858
1326,1990-Jul,-1.334230335714286
1327,1990-Aug,-1.2809933499999997
1328,1990-Sep,-0.9800488357142858
1329,1990-Oct,-1.0005183
1330,1990-Nov,-0.8211603500000001
1331,1990-Dec,-0.7477866928571426
1332,1991-Jan,-1.5048023785714286
1333,1991-Feb,-1.5081658999999996
1334,1991-Mar,-0.956979014285714
1335,1991-Apr,-1.1158966
1336,1991-May,-0.5826727928571428
1337,1991-Jun,-0.8256502857142858
1338,1991-Jul,-0.9084343357142859
1339,1991-Aug,-1.0450293499999999
1340,1991-Sep,-0.8567998357142859
1341,1991-Oct,-1.1333963
1342,1991-Nov,-0.92938535
1343,1991-Dec,-0.7790836928571425
1344,1992-Jan,-0.6628243785714285
1345,1992-Feb,-0.6722278999999995
1346,1992-Mar,-0.9461380142857139
1347,1992-Apr,-1.0056405999999998
1348,1992-May,-1.049788792857143
1349,1992-Jun,-0.7397612857142858
1350,1992-Jul,-0.6722943357142859
1351,1992-Aug,-1.4155933499999998
1352,1992-Sep,-1.369743835714286
1353,1992-Oct,-0.5327643
1354,1992-Nov,-0.53273735
1355,1992-Dec,-1.1180476928571426
1356,1993-Jan,-1.2106793785714283
1357,1993-Feb,-1.1749798999999996
1358,1993-Mar,-1.036210014285714
1359,1993-Apr,-0.9643366
1360,1993-May,-1.039138792857143
1361,1993-Jun,-1.0625752857142858
1362,1993-Jul,-0.5365203357142858
1363,1993-Aug,-0.22597634999999983
1364,1993-Sep,-0.134965835714286
1365,1993-Oct,-0.3522803
1366,1993-Nov,-0.3103353500000001
1367,1993-Dec,-1.1566126928571427
1368,1994-Jan,-1.0664393785714283
1369,1994-Feb,-0.6905768999999997
1370,1994-Mar,-1.141143014285714
1371,1994-Apr,-1.3306316
1372,1994-May,-1.197527792857143
1373,1994-Jun,-1.2963722857142859
1374,1994-Jul,-1.717435335714286
1375,1994-Aug,-1.4348803499999998
1376,1994-Sep,-0.9058158357142858
1377,1994-Oct,-0.3484653
1378,1994-Nov,-0.74229835
1379,1994-Dec,-1.1742956928571426
1380,1995-Jan,-1.4441353785714286
1381,1995-Feb,-1.9999038999999998
1382,1995-Mar,-1.3616680142857138
1383,1995-Apr,-0.8740205999999999
1384,1995-May,-0.22073779285714268
1385,1995-Jun,0.1826357142857143
1386,1995-Jul,-0.2732233357142859
1387,1995-Aug,-0.5233983499999999
1388,1995-Sep,-0.42661483571428604
1389,1995-Oct,-1.0035503
1390,1995-Nov,-0.7167493500000001
1391,1995-Dec,-0.4421676928571425
1392,1996-Jan,-0.28534437857142847
1393,1996-Feb,-0.5732658999999998
1394,1996-Mar,-0.3818510142857141
1395,1996-Apr,0.08085239999999994
1396,1996-May,-0.0325547928571428
1397,1996-Jun,-0.4340602857142858
1398,1996-Jul,-0.19617633571428583
1399,1996-Aug,-0.16519334999999957
1400,1996-Sep,0.28698816428571394
1401,1996-Oct,0.02914870000000014
1402,1996-Nov,-0.3404723500000001
1403,1996-Dec,-0.25262169285714253
1404,1997-Jan,0.01437362142857146
1405,1997-Feb,-0.5073698999999998
1406,1997-Mar,-0.8211080142857141
1407,1997-Apr,-0.015938599999999914
1408,1997-May,-0.045114792857142816
1409,1997-Jun,-0.09586728571428577
1410,1997-Jul,0.5353946642857141
1411,1997-Aug,-0.06966734999999957
1412,1997-Sep,-0.07738783571428565
1413,1997-Oct,0.2464807
1414,1997-Nov,0.032822649999999925
1415,1997-Dec,-0.16849169285714272
1416,1998-Jan,-0.6002443785714284
1417,1998-Feb,-1.0601739
1418,1998-Mar,-0.44705501428571415
1419,1998-Apr,-0.5735446000000002
1420,1998-May,-0.21389379285714283
1421,1998-Jun,0.18723571428571423
1422,1998-Jul,0.5895516642857141
1423,1998-Aug,0.6575376500000001
1424,1998-Sep,0.2502151642857142
1425,1998-Oct,0.46176569999999995
1426,1998-Nov,0.06435064999999993
1427,1998-Dec,-0.5878236928571425
1428,1999-Jan,-0.7616943785714283
1429,1999-Feb,-0.9340348999999997
1430,1999-Mar,-0.08781001428571411
1431,1999-Apr,-0.2118085999999999
1432,1999-May,-0.08447879285714277
1433,1999-Jun,-0.07158628571428577
1434,1999-Jul,-0.24654133571428583
1435,1999-Aug,0.21009265000000044
1436,1999-Sep,-0.5900638357142858
1437,1999-Oct,-0.5374962999999999
1438,1999-Nov,-0.4563643500000001
1439,1999-Dec,-0.6062286928571425
1440,2000-Jan,-0.5699943785714283
1441,2000-Feb,-0.8348758999999999
1442,2000-Mar,-0.5649800142857142
1443,2000-Apr,-0.5993025999999999
1444,2000-May,-0.35456279285714276
1445,2000-Jun,-0.7416832857142858
1446,2000-Jul,0.1434286642857141
1447,2000-Aug,0.2116946500000001
1448,2000-Sep,0.2386631642857142
1449,2000-Oct,-0.4255302999999999
1450,2000-Nov,-0.1963543500000001
1451,2000-Dec,-0.21596969285714263
1452,2001-Jan,-0.5400463785714287
1453,2001-Feb,-0.44818889999999967
1454,2001-Mar,-0.6165910142857141
1455,2001-Apr,-0.34212259999999994
1456,2001-May,-0.32326679285714277
1457,2001-Jun,0.28095971428571426
1458,2001-Jul,0.07481666428571421
1459,2001-Aug,0.11379065000000033
1460,2001-Sep,0.36660716428571405
1461,2001-Oct,-0.1521522999999999
1462,2001-Nov,-0.3485683500000001
1463,2001-Dec,-0.049229692857142626
1464,2002-Jan,-0.6534863785714284
1465,2002-Feb,-1.1901268999999999
1466,2002-Mar,-1.0479600142857142
1467,2002-Apr,-0.6675676000000001
1468,2002-May,-0.7227137928571429
1469,2002-Jun,-0.9893772857142857
1470,2002-Jul,-0.7115733357142859
1471,2002-Aug,-0.04438634999999991
1472,2002-Sep,-0.14366783571428599
1473,2002-Oct,-0.12226629999999994
1474,2002-Nov,-0.70310835
1475,2002-Dec,-0.4813696928571427
1476,2003-Jan,-0.6443373785714286
1477,2003-Feb,-0.5586399
1478,2003-Mar,-0.7476450142857138
1479,2003-Apr,-0.40781159999999983
1480,2003-May,-0.8136847928571428
1481,2003-Jun,-0.8651732857142858
1482,2003-Jul,-0.7838023357142858
1483,2003-Aug,-0.6849553499999996
1484,2003-Sep,-0.4095608357142857
1485,2003-Oct,-0.2435472999999999
1486,2003-Nov,-0.39948335
1487,2003-Dec,-0.6774766928571425
1488,2004-Jan,-0.33098337857142845
1489,2004-Feb,-0.6052058999999999
1490,2004-Mar,-0.3749790142857141
1491,2004-Apr,-0.4236525999999998
1492,2004-May,-0.3506527928571427
1493,2004-Jun,-0.37838128571428575
1494,2004-Jul,-0.49293133571428593
1495,2004-Aug,-0.5551223499999995
1496,2004-Sep,-0.47099683571428574
1497,2004-Oct,-0.45008229999999994
1498,2004-Nov,-0.35124135
1499,2004-Dec,0.022499307142857417
1500,2005-Jan,-0.6593063785714284
1501,2005-Feb,-0.2698908999999998
1502,2005-Mar,-0.17484701428571414
1503,2005-Apr,-0.21023459999999994
1504,2005-May,0.12406720714285724
1505,2005-Jun,0.1293637142857142
1506,2005-Jul,0.3280476642857142
1507,2005-Aug,0.6093906500000004
1508,2005-Sep,0.22628616428571435
1509,2005-Oct,-0.5697402999999999
1510,2005-Nov,-0.7426523500000001
1511,2005-Dec,-0.16995269285714265
1512,2006-Jan,0.06872562142857164
1513,2006-Feb,-0.1731058999999997
1514,2006-Mar,-0.11080101428571387
1515,2006-Apr,0.14694040000000008
1516,2006-May,-0.04513379285714281
1517,2006-Jun,-0.007404285714285752
1518,2006-Jul,0.004580664285714242
1519,2006-Aug,0.5786916500000001
1520,2006-Sep,0.3276371642857141
1521,2006-Oct,-0.10477729999999996
1522,2006-Nov,-0.2554323500000001
1523,2006-Dec,-1.0228996928571426
1524,2007-Jan,-1.1322253785714285
1525,2007-Feb,-0.5546128999999997
1526,2007-Mar,-0.6397190142857139
1527,2007-Apr,-0.6821265999999999
1528,2007-May,-0.36409079285714274
1529,2007-Jun,0.01747571428571426
1530,2007-Jul,0.29790066428571427
1531,2007-Aug,0.0732696500000003
1532,2007-Sep,0.7916761642857142
1533,2007-Oct,0.3805307
1534,2007-Nov,0.38164164999999994
1535,2007-Dec,-0.06897469285714264
1536,2008-Jan,-0.1828623785714285
1537,2008-Feb,-0.5592328999999998
1538,2008-Mar,-0.906619014285714
1539,2008-Apr,-0.40404260000000014
1540,2008-May,-0.07932279285714283
1541,2008-Jun,0.2019987142857142
1542,2008-Jul,-0.14333733571428597
1543,2008-Aug,-0.025402349999999796
1544,2008-Sep,-0.37234783571428576
1545,2008-Oct,-0.5680592999999999
1546,2008-Nov,-0.6207883500000001
1547,2008-Dec,-0.3441886928571427
1548,2009-Jan,-0.46070437857142865
1549,2009-Feb,-0.5263758999999999
1550,2009-Mar,-0.34602801428571395
1551,2009-Apr,-0.5900676
1552,2009-May,-1.0583707928571426
1553,2009-Jun,-0.6534162857142858
1554,2009-Jul,-0.473891335714286
1555,2009-Aug,-0.8968343499999998
1556,2009-Sep,-1.2146558357142858
1557,2009-Oct,-0.7215662999999999
1558,2009-Nov,-1.08771535
1559,2009-Dec,-0.8805486928571427
1560,2010-Jan,-0.5839493785714285
1561,2010-Feb,-0.7211998999999996
1562,2010-Mar,-0.8309620142857139
1563,2010-Apr,-0.5651385999999998
1564,2010-May,0.027801207142857165
1565,2010-Jun,0.23318871428571425
1566,2010-Jul,-0.281800335714286
1567,2010-Aug,0.6544486500000004
1568,2010-Sep,0.7882761642857141
1569,2010-Oct,0.00828770000000012
1570,2010-Nov,-0.57327435
1571,2010-Dec,0.15058830714285742
1572,2011-Jan,0.17827462142857153
1573,2011-Feb,-0.2457288999999998
1574,2011-Mar,-0.6743550142857142
1575,2011-Apr,-0.9523116
1576,2011-May,-1.048110792857143
1577,2011-Jun,-1.0566102857142858
1578,2011-Jul,-0.8118313357142859
1579,2011-Aug,-0.46953434999999955
1580,2011-Sep,-0.7680978357142858
1581,2011-Oct,-1.2024082999999999
1582,2011-Nov,-1.01620435
1583,2011-Dec,-1.5107576928571427
1584,2012-Jan,-1.0301593785714283
1585,2012-Feb,-0.5129988999999997
1586,2012-Mar,-0.812589014285714
1587,2012-Apr,-1.0303075999999998
1588,2012-May,-0.5665457928571428
1589,2012-Jun,0.15051271428571428
1590,2012-Jul,0.753285664285714
1591,2012-Aug,0.5298486500000004
1592,2012-Sep,0.19267916428571397
1593,2012-Oct,-0.19363029999999992
1594,2012-Nov,-0.55824035
1595,2012-Dec,-0.2436906928571425
1596,2013-Jan,-0.6928143785714282
1597,2013-Feb,-0.7214348999999995
1598,2013-Mar,-0.4022400142857139
1599,2013-Apr,-0.3257996000000001
1600,2013-May,-0.6057967928571427
1601,2013-Jun,-0.7253702857142857
1602,2013-Jul,-0.6353813357142859
1603,2013-Aug,-0.5274633499999997
1604,2013-Sep,-0.29905083571428603
1605,2013-Oct,-0.0074113000000000095
1606,2013-Nov,-0.9667613500000001
1607,2013-Dec,-1.0972376928571426
1608,2014-Jan,-1.5693303785714283
1609,2014-Feb,-1.3880888999999998
1610,2014-Mar,-1.769860014285714
1611,2014-Apr,-1.6395286
1612,2014-May,-1.1298657928571427
1613,2014-Jun,-0.5355682857142857
1614,2014-Jul,-0.3689523357142859
1615,2014-Aug,-0.2014043499999998
1616,2014-Sep,-0.6015778357142858
1617,2014-Oct,-1.3896133
1618,2014-Nov,-1.5030793500000001
1619,2014-Dec,-1.9344366928571426
1620,2015-Jan,-2.1146733785714287
1621,2015-Feb,-1.9378138999999999
1622,2015-Mar,-2.1949440142857144
1623,2015-Apr,-1.9749155999999999
1624,2015-May,-1.978208792857143
1625,2015-Jun,-2.097526285714286
1626,2015-Jul,-2.1106813357142857
1627,2015-Aug,-2.1257223499999998
1628,2015-Sep,-1.9858168357142858
1629,2015-Oct,-1.9324833
1630,2015-Nov,-2.23728635
1631,2015-Dec,-2.7253486928571427
1632,2016-Jan,-2.5651973785714284
1633,2016-Feb,-2.8342099000000003
1634,2016-Mar,-2.750566014285714
1635,2016-Apr,-2.3364455999999993
1636,2016-May,-1.4304957928571427
1637,2016-Jun,-0.8921512857142857
1638,2016-Jul,-0.7939753357142858
1639,2016-Aug,-0.6436233499999999
1640,2016-Sep,-1.1900368357142859
1641,2016-Oct,-1.2481803
1642,2016-Nov,-1.15902835
1643,2016-Dec,-1.4514576928571428
1644,2017-Jan,-1.7241733785714284
1645,2017-Feb,-1.7771618999999996
1646,2017-Mar,-1.8489650142857141
1647,2017-Apr,-1.3006186000000002
1648,2017-May,-1.0796167928571427
1649,2017-Jun,-1.2178832857142858
1650,2017-Jul,-1.196649335714286
1651,2017-Aug,-0.92414935
1652,2017-Sep,-0.4959208357142859
1653,2017-Oct,-0.7415923
1654,2017-Nov,-0.81625835
1655,2017-Dec,-0.8794546928571427
1656,2018-Jan,-0.9813963785714286
1657,2018-Feb,-1.4169068999999996
1658,2018-Mar,-1.2481790142857139
1659,2018-Apr,-1.2357205999999998
1660,2018-May,-1.6795617928571427
1661,2018-Jun,-1.6448112857142858
1662,2018-Jul,-1.7496103357142858
1663,2018-Aug,-1.6627743499999998
1664,2018-Sep,-1.8208568357142858
1665,2018-Oct,-1.5710073
1666,2018-Nov,-1.38168435
1667,2018-Dec,-1.5192666928571428
1668,2019-Jan,-1.5026383785714286
1669,2019-Feb,-1.5975778999999999
1670,2019-Mar,-1.9423210142857141
1671,2019-Apr,-1.7799516000000002
1672,2019-May,-1.3562347928571428
1673,2019-Jun,-1.0081942857142858
1674,2019-Jul,0.22777666428571397
1675,2019-Aug,-0.14900334999999965
1676,2019-Sep,-0.5979438357142859
1677,2019-Oct,-1.1430793
1678,2019-Nov,-1.38692235
1679,2019-Dec,-1.5227316928571426
